Indicator,S.No.,Parameters,Type,SubDistrict - _South - Total [(A+B) or (C+D)],SubDistrict - _South - Public [A],SubDistrict - _South - Private [B],SubDistrict - _South - Urban [C],SubDistrict - _South - Rural [D],SubDistrict - Autonomous - Total [(A+B) or (C+D)],SubDistrict - Autonomous - Public [A],SubDistrict - Autonomous - Private [B],SubDistrict - Autonomous - Urban [C],SubDistrict - Autonomous - Rural [D],SubDistrict - CGHS - Total [(A+B) or (C+D)],SubDistrict - CGHS - Public [A],SubDistrict - CGHS - Private [B],SubDistrict - CGHS - Urban [C],SubDistrict - CGHS - Rural [D],SubDistrict - Delhi Govt - Total [(A+B) or (C+D)],SubDistrict - Delhi Govt - Public [A],SubDistrict - Delhi Govt - Private [B],SubDistrict - Delhi Govt - Urban [C],SubDistrict - Delhi Govt - Rural [D],SubDistrict - ESI - Total [(A+B) or (C+D)],SubDistrict - ESI - Public [A],SubDistrict - ESI - Private [B],SubDistrict - ESI - Urban [C],SubDistrict - ESI - Rural [D],SubDistrict - IPP VIII-MCD - Total [(A+B) or (C+D)],SubDistrict - IPP VIII-MCD - Public [A],SubDistrict - IPP VIII-MCD - Private [B],SubDistrict - IPP VIII-MCD - Urban [C],SubDistrict - IPP VIII-MCD - Rural [D],SubDistrict - MCW Centres MCD - Total [(A+B) or (C+D)],SubDistrict - MCW Centres MCD - Public [A],SubDistrict - MCW Centres MCD - Private [B],SubDistrict - MCW Centres MCD - Urban [C],SubDistrict - MCW Centres MCD - Rural [D],SubDistrict - NGO - Total [(A+B) or (C+D)],SubDistrict - NGO - Public [A],SubDistrict - NGO - Private [B],SubDistrict - NGO - Urban [C],SubDistrict - NGO - Rural [D],SubDistrict - Private - Total [(A+B) or (C+D)],SubDistrict - Private - Public [A],SubDistrict - Private - Private [B],SubDistrict - Private - Urban [C],SubDistrict - Private - Rural [D]
M1 [Ante Natal Care (ANC)],1.1,Total number of pregnant women registered for ANC,TOTAL,3845,2848,997,2075,1770,333,333,NA,NA,333,10,10,NA,10,NA,1659,1659,NA,876,783,33,33,NA,33,NA,91,91,NA,91,NA,722,722,NA,341,381,49,NA,49,49,NA,948,NA,948,675,273
M1 [Ante Natal Care (ANC)],1.1.1,"Out of the total ANC registered, number registered within 1st trimester (within 12 weeks)",TOTAL,2262,1738,524,1143,1119,268,268,NA,NA,268,5,5,NA,5,NA,950,950,NA,527,423,4,4,NA,4,NA,60,60,NA,60,NA,451,451,NA,199,252,48,NA,48,48,NA,476,NA,476,300,176
M1 [Ante Natal Care (ANC)],1.2.1,Number of PW given TT1,TOTAL,469,167,302,266,203,NA,NA,NA,NA,NA,NA,NA,NA,NA,NA,158,158,NA,0,158,NA,NA,NA,NA,NA,NA,NA,NA,NA,NA,9,9,NA,9,NA,58,NA,58,58,NA,244,NA,244,199,45
M1 [Ante Natal Care (ANC)],1.2.2,Number of PW given TT2,TOTAL,338,83,255,215,123,NA,NA,NA,NA,NA,NA,NA,NA,NA,NA,80,80,NA,0,80,NA,NA,NA,NA,NA,NA,NA,NA,NA,NA,3,3,NA,3,NA,53,NA,53,53,NA,202,NA,202,159,43
M1 [Ante Natal Care (ANC)],1.2.3,Number of PW given TT Booster,TOTAL,94,26,68,73,21,NA,NA,NA,NA,NA,NA,NA,NA,NA,NA,21,21,NA,0,21,NA,NA,NA,NA,NA,NA,NA,NA,NA,NA,5,5,NA,5,NA,27,NA,27,27,NA,41,NA,41,41,0
M1 [Ante Natal Care (ANC)],1.2.4,Number of PW given 180 Iron Folic Acid (IFA) tablets,TOTAL,1298,931,367,775,523,195,195,NA,NA,195,1,1,NA,1,NA,500,500,NA,241,259,13,13,NA,13,NA,50,50,NA,50,NA,172,172,NA,109,63,49,NA,49,49,NA,318,NA,318,312,6
M1 [Ante Natal Care (ANC)],1.2.5,Number of PW given 360 Calcium tablets,TOTAL,1049,684,365,740,309,13,13,NA,NA,13,1,1,NA,1,NA,487,487,NA,241,246,10,10,NA,10,NA,50,50,NA,50,NA,123,123,NA,79,44,49,NA,49,49,NA,316,NA,316,310,6
M1 [Ante Natal Care (ANC)],1.2.6,Number of PW given one Albendazole tablet after 1st trimester,TOTAL,1248,1218,30,342,906,1,1,NA,NA,1,NA,NA,NA,NA,NA,928,928,NA,163,765,0,0,NA,0,NA,50,50,NA,50,NA,239,239,NA,105,134,3,NA,3,3,NA,27,NA,27,21,6
M1 [Ante Natal Care (ANC)],1.2.7,Number of PW received 4 or more ANC check ups,TOTAL,823,376,447,675,148,NA,NA,NA,NA,NA,1,1,NA,1,NA,168,168,NA,121,47,3,3,NA,3,NA,25,25,NA,25,NA,179,179,NA,94,85,49,NA,49,49,NA,398,NA,398,382,16
M1 [Ante Natal Care (ANC)],1.2.8,Number of PW given ANC Corticosteroids in Pre Term Labour,TOTAL,527,499,28,28,499,499,499,NA,NA,499,NA,NA,NA,NA,NA,NA,NA,NA,NA,NA,NA,NA,NA,NA,NA,0,0,NA,0,NA,0,0,NA,NA,0,7,NA,7,7,NA,21,NA,21,21,0
M1 [Ante Natal Care (ANC)],1.3.1,New cases of PW with hypertension detected,TOTAL,220,189,31,45,175,18,18,NA,NA,18,NA,NA,NA,NA,NA,167,167,NA,19,148,1,1,NA,1,NA,0,0,NA,0,NA,3,3,NA,1,2,0,NA,0,0,NA,31,NA,31,24,7
M1 [Ante Natal Care (ANC)],1.3.1.a,"Out of the new cases of PW with hypertension detected, cases managed at institution",TOTAL,189,168,21,21,168,18,18,NA,NA,18,NA,NA,NA,NA,NA,148,148,NA,0,148,NA,NA,NA,NA,NA,0,0,NA,0,NA,2,2,NA,0,2,0,NA,0,0,NA,21,NA,21,21,NA
M1 [Ante Natal Care (ANC)],1.3.2,Number of Eclampsia cases managed during delivery,TOTAL,13,12,1,1,12,12,12,NA,NA,12,NA,NA,NA,NA,NA,0,0,NA,0,0,NA,NA,NA,NA,NA,0,0,NA,0,NA,0,0,NA,0,NA,0,NA,0,0,NA,1,NA,1,1,NA
M1 [Ante Natal Care (ANC)],1.4.1,Number of PW tested for Haemoglobin (Hb ) 4 or more than 4 times for respective ANCs,TOTAL,1081,839,242,283,798,216,216,NA,NA,216,NA,NA,NA,NA,NA,605,605,NA,36,569,5,5,NA,5,NA,0,0,NA,0,NA,13,13,NA,0,13,43,NA,43,43,NA,199,NA,199,199,0
M1 [Ante Natal Care (ANC)],1.4.2,Number of PW having Hb level<11 (tested cases)(7.1 to 10.9),TOTAL,909,692,217,606,303,52,52,NA,NA,52,NA,NA,NA,NA,NA,456,456,NA,378,78,13,13,NA,13,NA,0,0,NA,0,NA,171,171,NA,0,171,53,NA,53,53,NA,164,NA,164,162,2
M1 [Ante Natal Care (ANC)],1.4.3,Number of PW having Hb level<7 (tested cases),TOTAL,48,34,14,17,31,2,2,NA,NA,2,NA,NA,NA,NA,NA,32,32,NA,3,29,0,0,NA,0,NA,0,0,NA,0,NA,0,0,NA,0,0,0,NA,0,0,NA,14,NA,14,14,0
M1 [Ante Natal Care (ANC)],1.4.4,Number of PW having severe anaemia (Hb<7) treated,TOTAL,37,31,6,6,31,2,2,NA,NA,2,NA,NA,NA,NA,NA,29,29,NA,0,29,NA,NA,NA,NA,NA,0,0,NA,0,NA,0,0,NA,0,0,0,NA,0,0,NA,6,NA,6,6,0
M1 [Ante Natal Care (ANC)],1.5.1,Number of PW tested for blood sugar using OGTT (Oral Glucose Tolerance Test),TOTAL,1226,1019,207,227,999,216,216,NA,NA,216,NA,NA,NA,NA,NA,803,803,NA,20,783,NA,NA,NA,NA,NA,0,0,NA,0,NA,0,0,NA,NA,0,51,NA,51,51,NA,156,NA,156,156,NA
M1 [Ante Natal Care (ANC)],1.5.2,Number of PW tested positive for GDM,TOTAL,62,44,18,13,49,44,44,NA,NA,44,NA,NA,NA,NA,NA,0,0,NA,0,0,NA,NA,NA,NA,NA,0,0,NA,0,NA,0,0,NA,NA,0,0,NA,0,0,NA,18,NA,18,13,5
M1 [Ante Natal Care (ANC)],1.5.3,Number of PW given insulin out of total tested positive for GDM,TOTAL,24,19,5,5,19,19,19,NA,NA,19,NA,NA,NA,NA,NA,0,0,NA,NA,0,NA,NA,NA,NA,NA,0,0,NA,0,NA,NA,NA,NA,NA,NA,0,NA,0,0,NA,5,NA,5,5,NA
M1 [Ante Natal Care (ANC)],1.6.1.a,Number of PW tested using POC test for Syphilis,TOTAL,NA,NA,NA,NA,NA,NA,NA,NA,NA,NA,NA,NA,NA,NA,NA,NA,NA,NA,NA,NA,NA,NA,NA,NA,NA,NA,NA,NA,NA,NA,NA,NA,NA,NA,NA,NA,NA,NA,NA,NA,NA,NA,NA,NA,NA
M1 [Ante Natal Care (ANC)],1.6.1.b,"Out of above, number of PW found sero positive for syphilis",TOTAL,NA,NA,NA,NA,NA,NA,NA,NA,NA,NA,NA,NA,NA,NA,NA,NA,NA,NA,NA,NA,NA,NA,NA,NA,NA,NA,NA,NA,NA,NA,NA,NA,NA,NA,NA,NA,NA,NA,NA,NA,NA,NA,NA,NA,NA
M1 [Ante Natal Care (ANC)],1.6.2.a,Number of pregnant women tested for Syphilis,TOTAL,1136,1040,96,131,1005,216,216,NA,NA,216,NA,NA,NA,NA,NA,824,824,NA,41,783,NA,NA,NA,NA,NA,0,0,NA,0,NA,0,0,NA,0,0,49,NA,49,49,NA,47,NA,47,41,6
M1 [Ante Natal Care (ANC)],1.6.2.b,Number of pregnant women tested found sero positive for Syphilis,TOTAL,0,0,0,0,0,0,0,NA,NA,0,NA,NA,NA,NA,NA,0,0,NA,0,0,NA,NA,NA,NA,NA,0,0,NA,0,NA,0,0,NA,0,0,0,NA,0,0,NA,0,NA,0,0,0
M1 [Ante Natal Care (ANC)],1.6.2.c,Number of syphilis positive pregnant women treated for Syphilis,TOTAL,0,0,0,0,0,NA,NA,NA,NA,NA,NA,NA,NA,NA,NA,0,0,NA,0,0,NA,NA,NA,NA,NA,0,0,NA,0,NA,0,0,NA,0,0,0,NA,0,0,NA,0,NA,0,0,0
M1 [Ante Natal Care (ANC)],1.6.2.d,Number of babies diagnosed with Congenital Syphilis,TOTAL,0,0,0,0,0,NA,NA,NA,NA,NA,NA,NA,NA,NA,NA,0,0,NA,0,0,NA,NA,NA,NA,NA,0,0,NA,0,NA,0,0,NA,0,NA,0,NA,0,0,NA,0,NA,0,0,0
M1 [Ante Natal Care (ANC)],1.6.2.e,Number of babies treated for congenital Syphilis,TOTAL,0,0,0,0,0,NA,NA,NA,NA,NA,NA,NA,NA,NA,NA,0,0,NA,0,0,NA,NA,NA,NA,NA,0,0,NA,0,NA,NA,NA,NA,NA,NA,0,NA,0,0,NA,0,NA,0,0,0
M2 [Deliveries],2.1.1.a,Number of Home Deliveries attended by Skill Birth Attendant(SBA) (Doctor/Nurse/ANM),TOTAL,0,0,NA,0,NA,NA,NA,NA,NA,NA,NA,NA,NA,NA,NA,0,0,NA,0,NA,NA,NA,NA,NA,NA,0,0,NA,0,NA,0,0,NA,0,NA,NA,NA,NA,NA,NA,NA,NA,NA,NA,NA
M2 [Deliveries],2.1.1.b,Number of Home Deliveries attended by Non SBA (Trained Birth Attendant(TBA) /Relatives/etc.),TOTAL,61,61,NA,61,NA,NA,NA,NA,NA,NA,NA,NA,NA,NA,NA,26,26,NA,26,NA,NA,NA,NA,NA,NA,15,15,NA,15,NA,20,20,NA,20,NA,NA,NA,NA,NA,NA,NA,NA,NA,NA,NA
M2 [Deliveries],2.1.2,Number of PW given Tablet Misoprostol during home delivery,TOTAL,0,0,NA,0,NA,NA,NA,NA,NA,NA,NA,NA,NA,NA,NA,NA,NA,NA,NA,NA,NA,NA,NA,NA,NA,0,0,NA,0,NA,0,0,NA,0,NA,NA,NA,NA,NA,NA,NA,NA,NA,NA,NA
M2 [Deliveries],2.1.3,Number of newborns received 7 Home Based Newborn Care (HBNC) visits in case of Home delivery,TOTAL,38,38,NA,38,NA,NA,NA,NA,NA,NA,NA,NA,NA,NA,NA,3,3,NA,3,NA,NA,NA,NA,NA,NA,18,18,NA,18,NA,17,17,NA,17,NA,NA,NA,NA,NA,NA,NA,NA,NA,NA,NA
M2 [Deliveries],2.2,Number of Institutional Deliveries conducted (Including C-Sections),TOTAL,1226,780,446,331,895,216,216,NA,NA,216,NA,NA,NA,NA,NA,564,564,NA,NA,564,NA,NA,NA,NA,NA,0,0,NA,0,NA,NA,NA,NA,NA,NA,23,NA,23,23,NA,423,NA,423,308,115
M2 [Deliveries],2.2.1,Out of total institutional deliveries number of women discharged within 48 hours of delivery,TOTAL,386,199,187,142,244,106,106,NA,NA,106,NA,NA,NA,NA,NA,93,93,NA,NA,93,NA,NA,NA,NA,NA,0,0,NA,0,NA,NA,NA,NA,NA,NA,23,NA,23,23,NA,164,NA,164,119,45
M2 [Deliveries],2.2.2,Number of newborns received 6 HBNC  visits after Institutional Delivery,TOTAL,849,821,28,849,NA,NA,NA,NA,NA,NA,NA,NA,NA,NA,NA,457,457,NA,457,NA,NA,NA,NA,NA,NA,25,25,NA,25,NA,339,339,NA,339,NA,NA,NA,NA,NA,NA,28,NA,28,28,NA
M3 [Number of Caesarean (C-Section) deliveries],3.1,Total C -Section deliveries performed,TOTAL,431,210,221,151,280,110,110,NA,NA,110,NA,NA,NA,NA,NA,100,100,NA,NA,100,NA,NA,NA,NA,NA,0,0,NA,0,NA,NA,NA,NA,NA,NA,15,NA,15,15,NA,206,NA,206,136,70
M3 [Number of Caesarean (C-Section) deliveries],3.1.1,"C-sections, performed at night (8 PM- 8 AM)",TOTAL,143,94,49,33,110,42,42,NA,NA,42,NA,NA,NA,NA,NA,52,52,NA,NA,52,NA,NA,NA,NA,NA,0,0,NA,0,NA,NA,NA,NA,NA,NA,0,NA,0,0,NA,49,NA,49,33,16
M4 [Pregnancy outcome & details of new-born],4.1.1.a,Live Birth - Male,TOTAL,689,439,250,216,473,112,112,NA,NA,112,NA,NA,NA,NA,NA,308,308,NA,13,295,NA,NA,NA,NA,NA,8,8,NA,8,NA,11,11,NA,11,NA,14,NA,14,14,NA,236,NA,236,170,66
M4 [Pregnancy outcome & details of new-born],4.1.1.b,Live Birth - Female,TOTAL,639,404,235,206,433,107,107,NA,NA,107,NA,NA,NA,NA,NA,282,282,NA,12,270,NA,NA,NA,NA,NA,6,6,NA,6,NA,9,9,NA,9,NA,9,NA,9,9,NA,226,NA,226,170,56
M4 [Pregnancy outcome & details of new-born],4.1.2,Number of Pre term newborns ( < 37 weeks of pregnancy),TOTAL,145,88,57,40,105,30,30,NA,NA,30,NA,NA,NA,NA,NA,58,58,NA,0,58,NA,NA,NA,NA,NA,0,0,NA,0,NA,0,0,NA,0,NA,23,NA,23,23,NA,34,NA,34,17,17
M4 [Pregnancy outcome & details of new-born],4.1.3,Still Birth,TOTAL,8,6,2,3,5,4,4,NA,NA,4,NA,NA,NA,NA,NA,1,1,NA,0,1,NA,NA,NA,NA,NA,1,1,NA,1,NA,0,0,NA,0,NA,0,NA,0,0,NA,2,NA,2,2,0
M4 [Pregnancy outcome & details of new-born],4.2,Abortion (spontaneous),TOTAL,62,26,36,26,36,1,1,NA,NA,1,NA,NA,NA,NA,NA,23,23,NA,0,23,NA,NA,NA,NA,NA,2,2,NA,2,NA,0,0,NA,0,NA,0,NA,0,0,NA,36,NA,36,24,12
M4 [Pregnancy outcome & details of new-born],4.3.1.a,MTP up to 12 weeks of pregnancy,TOTAL,151,38,113,94,57,32,32,NA,NA,32,NA,NA,NA,NA,NA,6,6,NA,NA,6,NA,NA,NA,NA,NA,0,0,NA,0,NA,NA,NA,NA,NA,NA,0,NA,0,0,NA,113,NA,113,94,19
M4 [Pregnancy outcome & details of new-born],4.3.1.b,MTP more than 12 weeks of pregnancy,TOTAL,18,17,1,1,17,17,17,NA,NA,17,NA,NA,NA,NA,NA,0,0,NA,NA,0,NA,NA,NA,NA,NA,0,0,NA,0,NA,NA,NA,NA,NA,NA,0,NA,0,0,NA,1,NA,1,1,0
M4 [Pregnancy outcome & details of new-born],4.3.2.a,Post Abortion/ MTP Complications Identified,TOTAL,2,0,2,2,0,0,0,NA,NA,0,NA,NA,NA,NA,NA,0,0,NA,NA,0,NA,NA,NA,NA,NA,0,0,NA,0,NA,NA,NA,NA,NA,NA,0,NA,0,0,NA,2,NA,2,2,NA
M4 [Pregnancy outcome & details of new-born],4.3.2.b,Post Abortion/ MTP Complications Treated,TOTAL,0,0,0,0,0,0,0,NA,NA,0,NA,NA,NA,NA,NA,0,0,NA,NA,0,NA,NA,NA,NA,NA,0,0,NA,0,NA,NA,NA,NA,NA,NA,0,NA,0,0,NA,0,NA,0,0,NA
M4 [Pregnancy outcome & details of new-born],4.3.3,Number of women provided with post abortion/ MTP contraception,TOTAL,64,61,3,3,61,32,32,NA,NA,32,NA,NA,NA,NA,NA,29,29,NA,NA,29,NA,NA,NA,NA,NA,0,0,NA,0,NA,NA,NA,NA,NA,NA,0,NA,0,0,NA,3,NA,3,3,NA
M4 [Pregnancy outcome & details of new-born],4.4.1,Number of newborns weighed at birth,TOTAL,1295,842,453,389,906,219,219,NA,NA,219,NA,NA,NA,NA,NA,589,589,NA,24,565,NA,NA,NA,NA,NA,14,14,NA,14,NA,20,20,NA,20,NA,23,NA,23,23,NA,430,NA,430,308,122
M4 [Pregnancy outcome & details of new-born],4.4.2,Number of newborns having weight less than 2.5 kg,TOTAL,297,236,61,47,250,72,72,NA,NA,72,NA,NA,NA,NA,NA,159,159,NA,1,158,NA,NA,NA,NA,NA,1,1,NA,1,NA,4,4,NA,4,NA,2,NA,2,2,NA,59,NA,59,39,20
M4 [Pregnancy outcome & details of new-born],4.4.3,Number of Newborns breast fed within 1 hour of birth ,TOTAL,1009,754,255,268,741,200,200,NA,NA,200,NA,NA,NA,NA,NA,520,520,NA,24,496,NA,NA,NA,NA,NA,14,14,NA,14,NA,20,20,NA,20,NA,23,NA,23,23,NA,232,NA,232,187,45
M5 [Complicated Pregnancies],5.1,"Number of cases of pregnant women with Obstetric Complications attended (Antepartum haemorrhage (APH), Post-Partum Hemorrhage (PPH), Sepsis, Eclampsia and others)",TOTAL,353,346,7,7,346,195,195,NA,NA,195,NA,NA,NA,NA,NA,144,144,NA,NA,144,NA,NA,NA,NA,NA,0,0,NA,0,NA,7,7,NA,NA,7,0,NA,0,0,NA,7,NA,7,7,NA
M5 [Complicated Pregnancies],5.2,Number of Complicated pregnancies treated with Blood Transfusion,TOTAL,5,2,3,3,2,2,2,NA,NA,2,NA,NA,NA,NA,NA,NA,NA,NA,NA,NA,NA,NA,NA,NA,NA,NA,NA,NA,NA,NA,NA,NA,NA,NA,NA,0,NA,0,0,NA,3,NA,3,3,NA
M6 [Post Natal Care (PNC)],6.1,Women receiving 1st post partum checkup within 48 hours of home delivery,TOTAL,34,34,0,34,NA,NA,NA,NA,NA,NA,NA,NA,NA,NA,NA,10,10,NA,10,NA,NA,NA,NA,NA,NA,14,14,NA,14,NA,10,10,NA,10,NA,NA,NA,NA,NA,NA,0,NA,0,0,NA
M6 [Post Natal Care (PNC)],6.2,Women receiving 1st post partum checkup between 48 hours and 14 days,TOTAL,589,323,266,273,316,210,210,NA,NA,210,NA,NA,NA,NA,NA,108,108,NA,2,106,NA,NA,NA,NA,NA,0,0,NA,0,NA,5,5,NA,5,NA,23,NA,23,23,NA,243,NA,243,243,NA
M6 [Post Natal Care (PNC)],6.3,Number of mothers provided full course of 180 IFA tablets after delivery,TOTAL,526,260,266,526,NA,NA,NA,NA,NA,NA,NA,NA,NA,NA,NA,26,26,NA,26,NA,NA,NA,NA,NA,NA,55,55,NA,55,NA,179,179,NA,179,NA,23,NA,23,23,NA,243,NA,243,243,NA
M6 [Post Natal Care (PNC)],6.4,Number of mothers provided 360 Calcium tablets after delivery,TOTAL,458,191,267,458,NA,NA,NA,NA,NA,NA,NA,NA,NA,NA,NA,26,26,NA,26,NA,NA,NA,NA,NA,NA,55,55,NA,55,NA,110,110,NA,110,NA,23,NA,23,23,NA,244,NA,244,244,NA
M7 [Reproductive Tract Infections/Sexually Transmitted Infections (RTI/STI) Cases],7.1.1,New RTI/STI cases identified - Male,TOTAL,102,101,1,48,54,0,0,NA,NA,0,2,2,NA,2,NA,9,9,NA,9,NA,NA,NA,NA,NA,NA,11,11,NA,11,NA,79,79,NA,25,54,0,NA,0,0,NA,1,NA,1,1,NA
M7 [Reproductive Tract Infections/Sexually Transmitted Infections (RTI/STI) Cases],7.1.2,New RTI/STI cases identified - Female,TOTAL,335,332,3,237,98,12,12,NA,NA,12,3,3,NA,3,NA,91,91,NA,91,NA,NA,NA,NA,NA,NA,19,19,NA,19,NA,207,207,NA,121,86,0,NA,0,0,NA,3,NA,3,3,NA
M7 [Reproductive Tract Infections/Sexually Transmitted Infections (RTI/STI) Cases],7.2.1,RTI/STI for which treatment initiated - Male,TOTAL,98,97,1,44,54,0,0,NA,NA,0,0,0,NA,0,NA,9,9,NA,9,NA,NA,NA,NA,NA,NA,11,11,NA,11,NA,77,77,NA,23,54,0,NA,0,0,NA,1,NA,1,1,NA
M7 [Reproductive Tract Infections/Sexually Transmitted Infections (RTI/STI) Cases],7.2.2,RTI/STI for which treatment initiated -Female,TOTAL,331,328,3,233,98,12,12,NA,NA,12,1,1,NA,1,NA,91,91,NA,91,NA,NA,NA,NA,NA,NA,19,19,NA,19,NA,205,205,NA,119,86,0,NA,0,0,NA,3,NA,3,3,NA
M8 [Family Planning],8.1.1,Number of Non Scalpel Vasectomy (NSV) / Conventional Vasectomy conducted,TOTAL,1,1,0,0,1,0,0,NA,NA,0,NA,NA,NA,NA,NA,1,1,NA,0,1,NA,NA,NA,NA,NA,0,0,NA,0,NA,NA,NA,NA,NA,NA,0,NA,0,0,NA,0,NA,0,0,NA
M8 [Family Planning],8.2.1,Number of Laparoscopic sterilizations (excluding post abortion) conducted,TOTAL,22,22,0,0,22,22,22,NA,NA,22,NA,NA,NA,NA,NA,0,0,NA,NA,0,NA,NA,NA,NA,NA,0,0,NA,0,NA,NA,NA,NA,NA,NA,0,NA,0,0,NA,0,NA,0,0,NA
M8 [Family Planning],8.2.2,Number of Interval Mini-lap (other than post-partum and post abortion) sterilizations conducted,TOTAL,1,1,0,0,1,0,0,NA,NA,0,NA,NA,NA,NA,NA,1,1,NA,NA,1,NA,NA,NA,NA,NA,0,0,NA,0,NA,NA,NA,NA,NA,NA,0,NA,0,0,NA,0,NA,0,0,NA
M8 [Family Planning],8.2.3,Number of Postpartum sterilizations (within 7 days of delivery by minilap or concurrent with caesarean section) conducted,TOTAL,15,13,2,1,14,13,13,NA,NA,13,NA,NA,NA,NA,NA,0,0,NA,NA,0,NA,NA,NA,NA,NA,0,0,NA,0,NA,NA,NA,NA,NA,NA,0,NA,0,0,NA,2,NA,2,1,1
M8 [Family Planning],8.2.4,Number of Post Abortion sterilizations (within 7 days of spontaneous or surgical abortion) conducted,TOTAL,14,13,1,0,14,13,13,NA,NA,13,NA,NA,NA,NA,NA,0,0,NA,NA,0,NA,NA,NA,NA,NA,0,0,NA,0,NA,NA,NA,NA,NA,NA,0,NA,0,0,NA,1,NA,1,0,1
M8 [Family Planning],8.3,Number of Interval IUCD Insertions (excluding PPIUCD and PAIUCD),TOTAL,184,161,23,105,79,15,15,NA,NA,15,NA,NA,NA,NA,NA,71,71,NA,58,13,NA,NA,NA,NA,NA,5,5,NA,5,NA,70,70,NA,34,36,0,NA,0,0,NA,23,NA,23,8,15
M8 [Family Planning],8.4,Number of Postpartum (within 48 hours of delivery) IUCD insertions,TOTAL,58,58,0,0,58,55,55,NA,NA,55,NA,NA,NA,NA,NA,3,3,NA,NA,3,NA,NA,NA,NA,NA,0,0,NA,0,NA,NA,NA,NA,NA,NA,0,NA,0,0,NA,0,NA,0,0,NA
M8 [Family Planning],8.5,Number of Post Abortion (within 12 days of spontaneous or surgical abortion) IUCD insertions,TOTAL,13,12,1,1,12,7,7,NA,NA,7,NA,NA,NA,NA,NA,5,5,NA,NA,5,NA,NA,NA,NA,NA,0,0,NA,0,NA,NA,NA,NA,NA,NA,0,NA,0,0,NA,1,NA,1,1,NA
M8 [Family Planning],8.6,Number of IUCD Removals,TOTAL,87,73,14,40,47,19,19,NA,NA,19,NA,NA,NA,NA,NA,32,32,NA,20,12,0,0,NA,0,NA,0,0,NA,0,NA,22,22,NA,8,14,0,NA,0,0,NA,14,NA,14,12,2
M8 [Family Planning],8.7,Number of complications following IUCD Insertion,TOTAL,7,4,3,7,0,0,0,NA,NA,0,NA,NA,NA,NA,NA,4,4,NA,4,0,NA,NA,NA,NA,NA,0,0,NA,0,NA,0,0,NA,0,0,0,NA,0,0,NA,3,NA,3,3,NA
M8 [Family Planning],8.8,Injectable Contraceptive-Antara Program- First Dose,TOTAL,83,81,2,45,38,8,8,NA,NA,8,0,0,NA,0,NA,51,51,NA,31,20,3,3,NA,3,NA,4,4,NA,4,NA,15,15,NA,5,10,NA,NA,NA,NA,NA,2,NA,2,2,NA
M8 [Family Planning],8.9,Injectable Contraceptive-Antara Program- Second Dose,TOTAL,24,24,0,11,13,4,4,NA,NA,4,0,0,NA,0,NA,10,10,NA,8,2,0,0,NA,0,NA,0,0,NA,0,NA,10,10,NA,3,7,NA,NA,NA,NA,NA,0,NA,0,0,NA
M8 [Family Planning],8.1,Injectable Contraceptive-Antara Program- Third Dose,TOTAL,33,33,0,25,8,0,0,NA,NA,0,NA,NA,NA,NA,NA,24,24,NA,24,0,0,0,NA,0,NA,0,0,NA,0,NA,9,9,NA,1,8,NA,NA,NA,NA,NA,0,NA,0,0,NA
M8 [Family Planning],8.11,Injectable Contraceptive-Antara Program- Fourth or more than fourth,TOTAL,40,40,0,23,17,0,0,NA,NA,0,NA,NA,NA,NA,NA,20,20,NA,20,0,NA,NA,NA,NA,NA,3,3,NA,3,NA,17,17,NA,0,17,NA,NA,NA,NA,NA,0,NA,0,0,NA
M8 [Family Planning],8.12,Number of Combined Oral Pill cycles distributed,TOTAL,815,815,0,676,139,49,49,NA,NA,49,8,8,NA,8,NA,386,386,NA,326,60,8,8,NA,8,NA,80,80,NA,80,NA,284,284,NA,254,30,NA,NA,NA,NA,NA,0,NA,0,0,NA
M8 [Family Planning],8.13,Number of Condom pieces distributed,TOTAL,58268,58268,0,47138,11130,6900,6900,NA,NA,6900,2150,2150,NA,2150,NA,23818,23818,NA,21818,2000,1050,1050,NA,1050,NA,5911,5911,NA,5911,NA,18439,18439,NA,16209,2230,NA,NA,NA,NA,NA,0,NA,0,0,NA
M8 [Family Planning],8.14,Number of Centchroman (weekly) pill strips distributed,TOTAL,425,425,0,245,180,0,0,NA,NA,0,2,2,NA,2,NA,368,368,NA,202,166,NA,NA,NA,NA,NA,4,4,NA,4,NA,51,51,NA,37,14,NA,NA,NA,NA,NA,0,NA,0,0,NA
M8 [Family Planning],8.15,Number of Emergency Contraceptive Pills (ECP) given,TOTAL,150,146,4,140,10,0,0,NA,NA,0,0,0,NA,0,NA,88,88,NA,83,5,0,0,NA,0,NA,15,15,NA,15,NA,43,43,NA,38,5,NA,NA,NA,NA,NA,4,NA,4,4,NA
M8 [Family Planning],8.16,Number of Pregnancy Test Kits (PTK) used,TOTAL,1574,1453,121,1504,70,0,0,NA,NA,0,NA,NA,NA,NA,NA,712,712,NA,712,NA,2,2,NA,2,NA,165,165,NA,165,NA,574,574,NA,504,70,NA,NA,NA,NA,NA,121,NA,121,121,NA
M8 [Family Planning],8.17.1,Complications following male sterilization,TOTAL,0,0,0,0,0,0,0,NA,NA,0,NA,NA,NA,NA,NA,0,0,NA,NA,0,NA,NA,NA,NA,NA,0,0,NA,0,NA,NA,NA,NA,NA,NA,0,NA,0,0,NA,0,NA,0,0,NA
M8 [Family Planning],8.17.2,Complications following female sterilization,TOTAL,0,0,0,0,0,0,0,NA,NA,0,NA,NA,NA,NA,NA,0,0,NA,NA,0,NA,NA,NA,NA,NA,0,0,NA,0,NA,NA,NA,NA,NA,NA,0,NA,0,0,NA,0,NA,0,0,NA
M8 [Family Planning],8.17.3,Failures following male sterilization,TOTAL,0,0,0,0,0,0,0,NA,NA,0,NA,NA,NA,NA,NA,0,0,NA,NA,0,NA,NA,NA,NA,NA,0,0,NA,0,NA,NA,NA,NA,NA,NA,0,NA,0,0,NA,0,NA,0,0,NA
M8 [Family Planning],8.17.4,Failures following female sterilization,TOTAL,0,0,0,0,0,0,0,NA,NA,0,NA,NA,NA,NA,NA,0,0,NA,NA,0,NA,NA,NA,NA,NA,0,0,NA,0,NA,NA,NA,NA,NA,NA,0,NA,0,0,NA,0,NA,0,0,NA
M8 [Family Planning],8.17.5,Deaths following male sterilization,TOTAL,0,0,0,0,0,0,0,NA,NA,0,NA,NA,NA,NA,NA,0,0,NA,NA,0,NA,NA,NA,NA,NA,0,0,NA,0,NA,NA,NA,NA,NA,NA,0,NA,0,0,NA,0,NA,0,0,NA
M8 [Family Planning],8.17.6,Deaths following female sterilization,TOTAL,0,0,0,0,0,0,0,NA,NA,0,NA,NA,NA,NA,NA,0,0,NA,NA,0,NA,NA,NA,NA,NA,0,0,NA,0,NA,NA,NA,NA,NA,NA,0,NA,0,0,NA,0,NA,0,0,NA
M9 [CHILD IMMUNISATION],9.1.1,Child immunisation - Vitamin K1 (Birth Dose),TOTAL,1211,784,427,305,906,219,219,NA,NA,219,NA,NA,NA,NA,NA,565,565,NA,NA,565,0,0,NA,0,NA,0,0,NA,0,NA,NA,NA,NA,NA,NA,0,NA,0,0,NA,427,NA,427,305,122
M9 [CHILD IMMUNISATION],9.1.2,Child immunisation - BCG,TOTAL,1420,982,438,453,967,233,233,NA,NA,233,NA,NA,NA,NA,NA,639,639,NA,64,575,0,0,NA,0,NA,20,20,NA,20,NA,90,90,NA,53,37,15,NA,15,15,NA,423,NA,423,301,122
M9 [CHILD IMMUNISATION],9.1.3,Child immunisation - DPT1,TOTAL,114,1,113,71,43,0,0,NA,NA,0,NA,NA,NA,NA,NA,0,0,NA,0,0,0,0,NA,0,NA,0,0,NA,0,NA,1,1,NA,0,1,NA,NA,NA,NA,NA,113,NA,113,71,42
M9 [CHILD IMMUNISATION],9.1.4,Child immunisation - DPT2,TOTAL,74,4,70,53,21,0,0,NA,NA,0,NA,NA,NA,NA,NA,3,3,NA,3,0,0,0,NA,0,NA,0,0,NA,0,NA,1,1,NA,1,0,NA,NA,NA,NA,NA,70,NA,70,49,21
M9 [CHILD IMMUNISATION],9.1.5,Child immunisation - DPT3,TOTAL,81,2,79,43,38,0,0,NA,NA,0,NA,NA,NA,NA,NA,0,0,NA,0,0,0,0,NA,0,NA,1,1,NA,1,NA,1,1,NA,1,0,NA,NA,NA,NA,NA,79,NA,79,41,38
M9 [CHILD IMMUNISATION],9.1.6,Child immunisation - Pentavalent 1,TOTAL,1982,1844,138,1426,556,145,145,NA,NA,145,33,33,NA,33,NA,958,958,NA,769,189,5,5,NA,5,NA,105,105,NA,105,NA,598,598,NA,384,214,7,NA,7,7,NA,131,NA,131,123,8
M9 [CHILD IMMUNISATION],9.1.7,Child immunisation - Pentavalent 2,TOTAL,1833,1736,97,1460,373,79,79,NA,NA,79,25,25,NA,25,NA,937,937,NA,820,117,7,7,NA,7,NA,84,84,NA,84,NA,604,604,NA,437,167,1,NA,1,1,NA,96,NA,96,86,10
M9 [CHILD IMMUNISATION],9.1.8,Child immunisation - Pentavalent 3,TOTAL,1872,1789,83,1488,384,72,72,NA,NA,72,24,24,NA,24,NA,942,942,NA,841,101,5,5,NA,5,NA,94,94,NA,94,NA,652,652,NA,467,185,4,NA,4,4,NA,79,NA,79,53,26
M9 [CHILD IMMUNISATION],9.1.9,Child immunisation - OPV 0 (Birth Dose),TOTAL,1292,843,449,363,929,230,230,NA,NA,230,NA,NA,NA,NA,NA,572,572,NA,9,563,3,3,NA,3,NA,13,13,NA,13,NA,25,25,NA,11,14,23,NA,23,23,NA,426,NA,426,304,122
M9 [CHILD IMMUNISATION],9.1.10,Child immunisation - OPV1,TOTAL,1958,1845,113,1367,591,145,145,NA,NA,145,33,33,NA,33,NA,958,958,NA,769,189,5,5,NA,5,NA,105,105,NA,105,NA,599,599,NA,384,215,1,NA,1,1,NA,112,NA,112,70,42
M9 [CHILD IMMUNISATION],9.1.11,Child immunisation - OPV2,TOTAL,1811,1743,68,1427,384,79,79,NA,NA,79,25,25,NA,25,NA,940,940,NA,823,117,10,10,NA,10,NA,84,84,NA,84,NA,605,605,NA,438,167,0,NA,0,0,NA,68,NA,68,47,21
M9 [CHILD IMMUNISATION],9.1.12,Child immunisation - OPV3,TOTAL,1885,1794,91,1489,396,72,72,NA,NA,72,24,24,NA,24,NA,942,942,NA,841,101,8,8,NA,8,NA,95,95,NA,95,NA,653,653,NA,468,185,3,NA,3,3,NA,88,NA,88,50,38
M9 [CHILD IMMUNISATION],9.1.13,Child immunisation - Hepatitis-B0 (Birth Dose),TOTAL,1263,820,443,337,926,227,227,NA,NA,227,NA,NA,NA,NA,NA,567,567,NA,2,565,0,0,NA,0,NA,11,11,NA,11,NA,15,15,NA,3,12,23,NA,23,23,NA,420,NA,420,298,122
M9 [CHILD IMMUNISATION],9.1.14,Child immunisation - Hepatitis-B1,TOTAL,134,60,74,74,60,60,60,NA,NA,60,NA,NA,NA,NA,NA,0,0,NA,0,0,0,0,NA,0,NA,0,0,NA,0,NA,0,0,NA,0,0,NA,NA,NA,NA,NA,74,NA,74,74,NA
M9 [CHILD IMMUNISATION],9.1.15,Child immunisation - Hepatitis-B2,TOTAL,49,4,45,45,4,4,4,NA,NA,4,NA,NA,NA,NA,NA,0,0,NA,0,0,0,0,NA,0,NA,0,0,NA,0,NA,0,0,NA,0,0,NA,NA,NA,NA,NA,45,NA,45,45,NA
M9 [CHILD IMMUNISATION],9.1.16,Child immunisation - Hepatitis-B3,TOTAL,40,0,40,37,3,0,0,NA,NA,0,NA,NA,NA,NA,NA,0,0,NA,0,0,0,0,NA,0,NA,0,0,NA,0,NA,0,0,NA,0,0,NA,NA,NA,NA,NA,40,NA,40,37,3
M9 [CHILD IMMUNISATION],9.1.17,Child immunisation - Inactivated Polio Vaccine 1 (IPV 1),TOTAL,1940,1848,92,1382,558,146,146,NA,NA,146,35,35,NA,35,NA,959,959,NA,769,190,5,5,NA,5,NA,105,105,NA,105,NA,598,598,NA,384,214,NA,NA,NA,NA,NA,92,NA,92,84,8
M9 [CHILD IMMUNISATION],9.1.18,Child immunisation - Inactivated Polio Vaccine 2 (IPV 2),TOTAL,1835,1768,67,1479,356,72,72,NA,NA,72,24,24,NA,24,NA,929,929,NA,840,89,5,5,NA,5,NA,94,94,NA,94,NA,644,644,NA,459,185,NA,NA,NA,NA,NA,67,NA,67,57,10
M9 [CHILD IMMUNISATION],9.1.19,Child immunisation - Rotavirus 1,TOTAL,1984,1832,152,1425,559,98,98,NA,NA,98,29,29,NA,29,NA,1007,1007,NA,818,189,5,5,NA,5,NA,105,105,NA,105,NA,588,588,NA,374,214,1,NA,1,1,NA,151,NA,151,93,58
M9 [CHILD IMMUNISATION],9.1.20,Child immunisation - Rotavirus 2,TOTAL,1740,1625,115,1399,341,20,20,NA,NA,20,20,20,NA,20,NA,909,909,NA,795,114,7,7,NA,7,NA,83,83,NA,83,NA,586,586,NA,417,169,0,NA,0,0,NA,115,NA,115,77,38
M9 [CHILD IMMUNISATION],9.1.21,Child immunisation - Rotavirus 3,TOTAL,1714,1615,99,1379,335,14,14,NA,NA,14,21,21,NA,21,NA,869,869,NA,774,95,4,4,NA,4,NA,79,79,NA,79,NA,628,628,NA,446,182,1,NA,1,1,NA,98,NA,98,54,44
M9 [CHILD IMMUNISATION],9.2.1,Child immunisation (9-11months) - Measles & Rubella (MR)- 1st Dose,TOTAL,1550,1491,59,1227,323,84,84,NA,NA,84,55,55,NA,55,NA,746,746,NA,669,77,4,4,NA,4,NA,103,103,NA,103,NA,499,499,NA,337,162,NA,NA,NA,NA,NA,59,NA,59,59,NA
M9 [CHILD IMMUNISATION],9.2.2,Child immunisation (9-11months) - Measles 1st dose,TOTAL,16,0,16,16,0,NA,NA,NA,NA,NA,0,0,NA,0,NA,0,0,NA,0,0,0,0,NA,0,NA,0,0,NA,0,NA,0,0,NA,0,NA,NA,NA,NA,NA,NA,16,NA,16,16,NA
M9 [CHILD IMMUNISATION],9.2.3,Child immunisation (9-11months) - JE 1st dose,TOTAL,10,0,10,0,10,NA,NA,NA,NA,NA,NA,NA,NA,NA,NA,0,0,NA,NA,0,NA,NA,NA,NA,NA,0,0,NA,0,NA,NA,NA,NA,NA,NA,NA,NA,NA,NA,NA,10,NA,10,0,10
M9 [CHILD IMMUNISATION],9.2.4.a,Children aged between 9 and 11 months fully immunized- Male,TOTAL,779,728,51,602,177,5,5,NA,NA,5,25,25,NA,25,NA,373,373,NA,327,46,3,3,NA,3,NA,54,54,NA,54,NA,268,268,NA,175,93,0,NA,0,0,NA,51,NA,51,18,33
M9 [CHILD IMMUNISATION],9.2.4.b,Children aged between 9 and 11 months fully immunized - Female,TOTAL,741,693,48,601,140,10,10,NA,NA,10,28,28,NA,28,NA,377,377,NA,346,31,1,1,NA,1,NA,49,49,NA,49,NA,228,228,NA,160,68,0,NA,0,0,NA,48,NA,48,17,31
M9 [CHILD IMMUNISATION],9.3.1,Child immunisation - Measles & Rubella (MR)- 1st Dose,TOTAL,54,26,28,51,3,0,0,NA,NA,0,0,0,NA,0,NA,17,17,NA,17,0,2,2,NA,2,NA,1,1,NA,1,NA,6,6,NA,3,3,NA,NA,NA,NA,NA,28,NA,28,28,NA
M9 [CHILD IMMUNISATION],9.3.2,Child immunisation - Measles-1st dose,TOTAL,18,0,18,18,0,0,0,NA,NA,0,NA,NA,NA,NA,NA,0,0,NA,0,0,0,0,NA,0,NA,0,0,NA,0,NA,0,0,NA,0,NA,NA,NA,NA,NA,NA,18,NA,18,18,NA
M9 [CHILD IMMUNISATION],9.3.3,Child immunisation - JE 1st dose,TOTAL,1,0,1,1,0,0,0,NA,NA,0,NA,NA,NA,NA,NA,0,0,NA,NA,0,NA,NA,NA,NA,NA,0,0,NA,0,NA,NA,NA,NA,NA,NA,NA,NA,NA,NA,NA,1,NA,1,1,NA
M9 [CHILD IMMUNISATION],9.4.1,Child immunisation - Measles & Rubella (MR)- 2nd Dose (16-24 months),TOTAL,1641,1628,13,1328,313,74,74,NA,NA,74,7,7,NA,7,NA,826,826,NA,750,76,4,4,NA,4,NA,124,124,NA,124,NA,593,593,NA,430,163,NA,NA,NA,NA,NA,13,NA,13,13,NA
M9 [CHILD IMMUNISATION],9.4.2,Child immunisation - Measles 2nd dose (More than 16 months),TOTAL,9,0,9,9,0,NA,NA,NA,NA,NA,NA,NA,NA,NA,NA,0,0,NA,0,0,0,0,NA,0,NA,0,0,NA,0,NA,0,0,NA,0,0,NA,NA,NA,NA,NA,9,NA,9,9,NA
M9 [CHILD IMMUNISATION],9.4.3,Child immunisation - DPT 1st Booster,TOTAL,1840,1745,95,1512,328,67,67,NA,NA,67,37,37,NA,37,NA,884,884,NA,809,75,10,10,NA,10,NA,126,126,NA,126,NA,621,621,NA,456,165,0,NA,0,0,NA,95,NA,95,74,21
M9 [CHILD IMMUNISATION],9.4.4,Child immunisation - OPV Booster,TOTAL,1862,1793,69,1483,379,118,118,NA,NA,118,37,37,NA,37,NA,881,881,NA,806,75,10,10,NA,10,NA,126,126,NA,126,NA,621,621,NA,456,165,0,NA,0,0,NA,69,NA,69,48,21
M9 [CHILD IMMUNISATION],9.4.5,"Child immunisation - Measles, Mumps, Rubella (MMR) Vaccine",TOTAL,148,0,148,66,82,NA,NA,NA,NA,NA,0,0,NA,0,NA,0,0,NA,0,0,0,0,NA,0,NA,0,0,NA,0,NA,0,0,NA,0,NA,2,NA,2,2,NA,146,NA,146,64,82
M9 [CHILD IMMUNISATION],9.4.6,Number of children more than 16 months of age who received Japanese Encephalitis (JE) vaccine,TOTAL,1,0,1,1,0,NA,NA,NA,NA,NA,NA,NA,NA,NA,NA,0,0,NA,NA,0,0,0,NA,0,NA,0,0,NA,0,NA,NA,NA,NA,NA,NA,NA,NA,NA,NA,NA,1,NA,1,1,NA
M9 [CHILD IMMUNISATION],9.5.1,Child immunisation - Typhoid,TOTAL,188,9,179,113,75,9,9,NA,NA,9,0,0,NA,0,NA,0,0,NA,0,0,NA,NA,NA,NA,NA,0,0,NA,0,NA,0,0,NA,0,NA,1,NA,1,1,NA,178,NA,178,112,66
M9 [CHILD IMMUNISATION],9.5.2,Children more than 5 years received DPT5 (2nd Booster),TOTAL,1361,1307,54,1036,325,79,79,NA,NA,79,34,34,NA,34,NA,616,616,NA,539,77,7,7,NA,7,NA,56,56,NA,56,NA,515,515,NA,366,149,NA,NA,NA,NA,NA,54,NA,54,34,20
M9 [CHILD IMMUNISATION],9.5.3,Children more than 10 years received TT10,TOTAL,142,98,44,122,20,NA,NA,NA,NA,NA,NA,NA,NA,NA,NA,84,84,NA,64,20,NA,NA,NA,NA,NA,NA,NA,NA,NA,NA,14,14,NA,14,NA,0,NA,0,0,NA,44,NA,44,44,NA
M9 [CHILD IMMUNISATION],9.5.4,Children more than 16 years received TT16,TOTAL,37,13,24,37,NA,NA,NA,NA,NA,NA,NA,NA,NA,NA,NA,8,8,NA,8,NA,NA,NA,NA,NA,NA,1,1,NA,1,NA,4,4,NA,4,NA,0,NA,0,0,NA,24,NA,24,24,NA
M9 [CHILD IMMUNISATION],9.6.1,Number of cases of AEFI - Abscess,TOTAL,1,1,0,1,0,0,0,NA,NA,0,NA,NA,NA,NA,NA,0,0,NA,0,0,NA,NA,NA,NA,NA,0,0,NA,0,NA,1,1,NA,1,0,NA,NA,NA,NA,NA,0,NA,0,0,NA
M9 [CHILD IMMUNISATION],9.6.2,Number of cases of AEFI - Death,TOTAL,0,0,0,0,0,0,0,NA,NA,0,NA,NA,NA,NA,NA,0,0,NA,0,0,NA,NA,NA,NA,NA,0,0,NA,0,NA,0,0,NA,0,0,NA,NA,NA,NA,NA,0,NA,0,0,NA
M9 [CHILD IMMUNISATION],9.6.3,Number of cases of AEFI - Others,TOTAL,1,1,0,0,1,0,0,NA,NA,0,NA,NA,NA,NA,NA,0,0,NA,0,0,NA,NA,NA,NA,NA,0,0,NA,0,NA,1,1,NA,0,1,NA,NA,NA,NA,NA,0,NA,0,0,NA
M9 [CHILD IMMUNISATION],9.7.1,Immunisation sessions planned,TOTAL,636,602,34,575,61,9,9,NA,NA,9,30,30,NA,30,NA,293,293,NA,267,26,5,5,NA,5,NA,43,43,NA,43,NA,222,222,NA,196,26,NA,NA,NA,NA,NA,34,NA,34,34,NA
M9 [CHILD IMMUNISATION],9.7.2,Immunisation sessions held,TOTAL,633,600,33,572,61,9,9,NA,NA,9,30,30,NA,30,NA,293,293,NA,267,26,5,5,NA,5,NA,41,41,NA,41,NA,222,222,NA,196,26,NA,NA,NA,NA,NA,33,NA,33,33,NA
M9 [CHILD IMMUNISATION],9.7.3,Number of Immunisation sessions where ASHAs were present,TOTAL,425,425,0,399,26,0,0,NA,NA,0,NA,NA,NA,NA,NA,235,235,NA,235,NA,NA,NA,NA,NA,NA,41,41,NA,41,NA,149,149,NA,123,26,NA,NA,NA,NA,NA,0,NA,0,0,NA
M9 [CHILD IMMUNISATION],9.8.1,Child immunisation - Vitamin A Dose - 1,TOTAL,24,0,24,24,0,NA,NA,NA,NA,NA,0,0,NA,0,NA,0,0,NA,0,0,NA,NA,NA,NA,NA,0,0,NA,0,NA,0,0,NA,0,0,NA,NA,NA,NA,NA,24,NA,24,24,NA
M9 [CHILD IMMUNISATION],9.8.2,Child immunisation - Vitamin A Dose - 5,TOTAL,11,0,11,11,0,NA,NA,NA,NA,NA,0,0,NA,0,NA,0,0,NA,0,0,NA,NA,NA,NA,NA,0,0,NA,0,NA,0,0,NA,0,0,NA,NA,NA,NA,NA,11,NA,11,11,NA
M9 [CHILD IMMUNISATION],9.8.3,Child immunisation - Vitamin A Dose - 9,TOTAL,11,0,11,11,0,NA,NA,NA,NA,NA,0,0,NA,0,NA,0,0,NA,0,0,NA,NA,NA,NA,NA,0,0,NA,0,NA,0,0,NA,0,0,NA,NA,NA,NA,NA,11,NA,11,11,NA
M9 [CHILD IMMUNISATION],9.9,Number of children (6-59 months) provided 8-10 doses (1ml) of IFA syrup (Bi weekly),TOTAL,6,0,6,6,NA,NA,NA,NA,NA,NA,NA,NA,NA,NA,NA,NA,NA,NA,NA,NA,NA,NA,NA,NA,NA,0,0,NA,0,NA,NA,NA,NA,NA,NA,NA,NA,NA,NA,NA,6,NA,6,6,NA
M9 [CHILD IMMUNISATION],9.1,Number of children (12-59 months) provided Albendazole,TOTAL,582,567,15,94,488,36,36,NA,NA,36,NA,NA,NA,NA,NA,54,54,NA,54,NA,NA,NA,NA,NA,NA,0,0,NA,0,NA,477,477,NA,25,452,0,NA,0,0,NA,15,NA,15,15,NA
M9 [CHILD IMMUNISATION],9.11,Number of severely underweight children provided Health Checkup (0-5 yrs),TOTAL,74,56,18,23,51,6,6,NA,NA,6,NA,NA,NA,NA,NA,3,3,NA,3,NA,2,2,NA,2,NA,0,0,NA,0,NA,45,45,NA,NA,45,NA,NA,NA,NA,NA,18,NA,18,18,NA
M10 [Number of cases of Childhood Diseases (0-5 years)],10.1,Childhood Diseases - Pneumonia,TOTAL,229,89,140,137,92,NA,NA,NA,NA,NA,NA,NA,NA,NA,NA,38,38,NA,9,29,NA,NA,NA,NA,NA,0,0,NA,0,NA,51,51,NA,NA,51,0,NA,0,0,NA,140,NA,140,128,12
M10 [Number of cases of Childhood Diseases (0-5 years)],10.2,Childhood Diseases - Asthma,TOTAL,51,7,44,47,4,NA,NA,NA,NA,NA,NA,NA,NA,NA,NA,3,3,NA,3,0,NA,NA,NA,NA,NA,0,0,NA,0,NA,4,4,NA,NA,4,0,NA,0,0,NA,44,NA,44,44,0
M10 [Number of cases of Childhood Diseases (0-5 years)],10.3,Childhood Diseases - Sepsis,TOTAL,9,9,0,0,9,NA,NA,NA,NA,NA,NA,NA,NA,NA,NA,9,9,NA,0,9,NA,NA,NA,NA,NA,0,0,NA,0,NA,NA,NA,NA,NA,NA,0,NA,0,0,NA,0,NA,0,0,0
M10 [Number of cases of Childhood Diseases (0-5 years)],10.4,Childhood Diseases - Diphtheria,TOTAL,0,0,0,0,0,NA,NA,NA,NA,NA,NA,NA,NA,NA,NA,0,0,NA,0,0,NA,NA,NA,NA,NA,0,0,NA,0,NA,NA,NA,NA,NA,NA,0,NA,0,0,NA,0,NA,0,0,0
M10 [Number of cases of Childhood Diseases (0-5 years)],10.5,Childhood Diseases - Pertussis,TOTAL,0,0,0,0,0,NA,NA,NA,NA,NA,NA,NA,NA,NA,NA,0,0,NA,0,0,NA,NA,NA,NA,NA,0,0,NA,0,NA,NA,NA,NA,NA,NA,NA,NA,NA,NA,NA,0,NA,0,0,0
M10 [Number of cases of Childhood Diseases (0-5 years)],10.6,Childhood Diseases - Tetanus Neonatorum,TOTAL,0,0,0,0,0,NA,NA,NA,NA,NA,NA,NA,NA,NA,NA,0,0,NA,0,0,NA,NA,NA,NA,NA,0,0,NA,0,NA,NA,NA,NA,NA,NA,NA,NA,NA,NA,NA,0,NA,0,0,0
M10 [Number of cases of Childhood Diseases (0-5 years)],10.7,Childhood Diseases - Tuberculosis (TB),TOTAL,3,1,2,1,2,NA,NA,NA,NA,NA,NA,NA,NA,NA,NA,1,1,NA,0,1,NA,NA,NA,NA,NA,0,0,NA,0,NA,NA,NA,NA,NA,NA,NA,NA,NA,NA,NA,2,NA,2,1,1
M10 [Number of cases of Childhood Diseases (0-5 years)],10.8,Childhood Diseases - Acute Flaccid Paralysis(AFP),TOTAL,0,0,0,0,0,NA,NA,NA,NA,NA,NA,NA,NA,NA,NA,0,0,NA,0,0,NA,NA,NA,NA,NA,0,0,NA,0,NA,NA,NA,NA,NA,NA,0,NA,0,0,NA,0,NA,0,0,0
M10 [Number of cases of Childhood Diseases (0-5 years)],10.9,Childhood Diseases - Measles,TOTAL,0,0,0,0,0,NA,NA,NA,NA,NA,NA,NA,NA,NA,NA,0,0,NA,0,0,NA,NA,NA,NA,NA,0,0,NA,0,NA,NA,NA,NA,NA,NA,0,NA,0,0,NA,0,NA,0,0,0
M10 [Number of cases of Childhood Diseases (0-5 years)],10.1,Childhood Diseases - Malaria,TOTAL,0,0,0,0,0,NA,NA,NA,NA,NA,NA,NA,NA,NA,NA,0,0,NA,0,0,NA,NA,NA,NA,NA,0,0,NA,0,NA,NA,NA,NA,NA,NA,0,NA,0,0,NA,0,NA,0,0,0
M10 [Number of cases of Childhood Diseases (0-5 years)],10.11,Childhood Diseases - Diarrhoea,TOTAL,771,623,148,231,540,6,6,NA,NA,6,NA,NA,NA,NA,NA,534,534,NA,84,450,NA,NA,NA,NA,NA,0,0,NA,0,NA,83,83,NA,NA,83,0,NA,0,0,NA,148,NA,148,147,1
M10 [Number of cases of Childhood Diseases (0-5 years)],10.12,Childhood Diseases - Diarrhoea treated in Inpatients,TOTAL,48,8,40,30,18,NA,NA,NA,NA,NA,NA,NA,NA,NA,NA,8,8,NA,0,8,NA,NA,NA,NA,NA,0,0,NA,0,NA,NA,NA,NA,NA,NA,0,NA,0,0,NA,40,NA,40,30,10
M10 [Number of cases of Childhood Diseases (0-5 years)],10.13,Children admitted with upper respiratory infections,TOTAL,35,4,31,23,12,NA,NA,NA,NA,NA,NA,NA,NA,NA,NA,4,4,NA,NA,4,NA,NA,NA,NA,NA,0,0,NA,0,NA,NA,NA,NA,NA,NA,0,NA,0,0,NA,31,NA,31,23,8
M10 [Number of cases of Childhood Diseases (0-5 years)],10.14,Childhood Diseases - Severe Acute Malnutrition (SAM),TOTAL,9,9,0,0,9,3,3,NA,NA,3,NA,NA,NA,NA,NA,0,0,NA,0,0,NA,NA,NA,NA,NA,0,0,NA,0,NA,6,6,NA,NA,6,0,NA,0,0,NA,0,NA,0,0,0
M11 [NVBDCP],11.1.1.a,Total Blood Smears Examined for Malaria,TOTAL,354,55,299,114,240,NA,NA,NA,NA,NA,NA,NA,NA,NA,NA,55,55,NA,2,53,NA,NA,NA,NA,NA,0,0,NA,0,NA,NA,NA,NA,NA,NA,8,NA,8,8,NA,291,NA,291,104,187
M11 [NVBDCP],11.1.1.b,Malaria (Microscopy Tests ) - Plasmodium Vivax test positive,TOTAL,122,0,122,2,120,NA,NA,NA,NA,NA,NA,NA,NA,NA,NA,0,0,NA,0,0,NA,NA,NA,NA,NA,0,0,NA,0,NA,NA,NA,NA,NA,NA,0,NA,0,0,NA,122,NA,122,2,120
M11 [NVBDCP],11.1.1.c,Malaria (Microscopy Tests ) - Plasmodium Falciparum test positive,TOTAL,1,0,1,0,1,NA,NA,NA,NA,NA,NA,NA,NA,NA,NA,0,0,NA,0,0,NA,NA,NA,NA,NA,0,0,NA,0,NA,NA,NA,NA,NA,NA,0,NA,0,0,NA,1,NA,1,0,1
M11 [NVBDCP],11.1.2.a,RDT conducted for Malaria,TOTAL,220,79,141,117,103,1,1,NA,NA,1,NA,NA,NA,NA,NA,78,78,NA,NA,78,NA,NA,NA,NA,NA,0,0,NA,0,NA,NA,NA,NA,NA,NA,9,NA,9,9,NA,132,NA,132,108,24
M11 [NVBDCP],11.1.2.b,Malaria (RDT) - Plasmodium Vivax test positive,TOTAL,0,0,0,0,0,NA,NA,NA,NA,NA,NA,NA,NA,NA,NA,0,0,NA,NA,0,NA,NA,NA,NA,NA,0,0,NA,0,NA,NA,NA,NA,NA,NA,0,NA,0,0,NA,0,NA,0,0,0
M11 [NVBDCP],11.1.2.c,Malaria (RDT) - Plamodium Falciparum test positive,TOTAL,0,0,0,0,0,NA,NA,NA,NA,NA,NA,NA,NA,NA,NA,0,0,NA,NA,0,NA,NA,NA,NA,NA,0,0,NA,0,NA,NA,NA,NA,NA,NA,0,NA,0,0,NA,0,NA,0,0,0
M11 [NVBDCP],11.2.1,Kala Azar (RDT) - Tests Conducted,TOTAL,4,0,4,4,0,NA,NA,NA,NA,NA,NA,NA,NA,NA,NA,NA,NA,NA,NA,NA,NA,NA,NA,NA,NA,0,0,NA,0,NA,NA,NA,NA,NA,NA,0,NA,0,0,NA,4,NA,4,4,0
M11 [NVBDCP],11.2.2,Kala Azar Positive Cases,TOTAL,0,0,0,0,0,NA,NA,NA,NA,NA,NA,NA,NA,NA,NA,NA,NA,NA,NA,NA,NA,NA,NA,NA,NA,0,0,NA,0,NA,NA,NA,NA,NA,NA,0,NA,0,0,NA,0,NA,0,0,0
M11 [NVBDCP],11.2.3,Post-kala-azar dermal leishmaniasis (PKDL) cases,TOTAL,0,0,0,0,0,NA,NA,NA,NA,NA,NA,NA,NA,NA,NA,NA,NA,NA,NA,NA,NA,NA,NA,NA,NA,0,0,NA,0,NA,NA,NA,NA,NA,NA,0,NA,0,0,NA,0,NA,0,0,0
M11 [NVBDCP],11.3.1,Dengue - RDT Test Positive,TOTAL,3,0,3,2,1,NA,NA,NA,NA,NA,NA,NA,NA,NA,NA,0,0,NA,NA,0,NA,NA,NA,NA,NA,0,0,NA,0,NA,NA,NA,NA,NA,NA,0,NA,0,0,NA,3,NA,3,2,1
M11 [NVBDCP],11.3.2,Dengue - Enzyme- Linked Immuno Sorbent Assay (ELISA) Test Positive,TOTAL,1,0,1,0,1,NA,NA,NA,NA,NA,NA,NA,NA,NA,NA,0,0,NA,NA,0,NA,NA,NA,NA,NA,NA,NA,NA,NA,NA,NA,NA,NA,NA,NA,NA,NA,NA,NA,NA,1,NA,1,0,1
M11 [NVBDCP],11.4.1,Tests Conducted for JE,TOTAL,0,NA,0,0,0,NA,NA,NA,NA,NA,NA,NA,NA,NA,NA,NA,NA,NA,NA,NA,NA,NA,NA,NA,NA,NA,NA,NA,NA,NA,NA,NA,NA,NA,NA,NA,NA,NA,NA,NA,0,NA,0,0,0
M11 [NVBDCP],11.4.2,Tests Positive for JE,TOTAL,0,NA,0,0,0,NA,NA,NA,NA,NA,NA,NA,NA,NA,NA,NA,NA,NA,NA,NA,NA,NA,NA,NA,NA,NA,NA,NA,NA,NA,NA,NA,NA,NA,NA,NA,NA,NA,NA,NA,0,NA,0,0,0
M12 [Adolscent Health],12.1.1.a,Girls registered in AFHC,TOTAL,104,104,0,44,60,NA,NA,NA,NA,NA,NA,NA,NA,NA,NA,82,82,NA,40,42,3,3,NA,3,NA,0,0,NA,0,NA,19,19,NA,1,18,NA,NA,NA,NA,NA,0,NA,0,0,NA
M12 [Adolscent Health],12.1.1.b,Boys registered in AFHC,TOTAL,23,23,0,9,14,NA,NA,NA,NA,NA,NA,NA,NA,NA,NA,7,7,NA,7,NA,2,2,NA,2,NA,0,0,NA,0,NA,14,14,NA,NA,14,NA,NA,NA,NA,NA,0,NA,0,0,NA
M12 [Adolscent Health],12.1.2.a,"Out of registered, Girls received clinical services",TOTAL,75,75,0,44,31,NA,NA,NA,NA,NA,NA,NA,NA,NA,NA,53,53,NA,40,13,3,3,NA,3,NA,0,0,NA,0,NA,19,19,NA,1,18,NA,NA,NA,NA,NA,0,NA,0,0,NA
M12 [Adolscent Health],12.1.2.b,"Out of registered, Boys received clinical services",TOTAL,23,23,0,9,14,NA,NA,NA,NA,NA,NA,NA,NA,NA,NA,7,7,NA,7,NA,2,2,NA,2,NA,0,0,NA,0,NA,14,14,NA,NA,14,NA,NA,NA,NA,NA,0,NA,0,0,NA
M12 [Adolscent Health],12.1.3.a,"Out of registered, Girls received counselling",TOTAL,104,104,0,44,60,NA,NA,NA,NA,NA,NA,NA,NA,NA,NA,82,82,NA,40,42,3,3,NA,3,NA,0,0,NA,0,NA,19,19,NA,1,18,NA,NA,NA,NA,NA,0,NA,0,0,NA
M12 [Adolscent Health],12.1.3.b,"Out of registered, Boys received counselling",TOTAL,23,23,0,9,14,NA,NA,NA,NA,NA,NA,NA,NA,NA,NA,7,7,NA,7,NA,2,2,NA,2,NA,0,0,NA,0,NA,14,14,NA,NA,14,NA,NA,NA,NA,NA,0,NA,0,0,NA
"M13 [Directly Observed Treatment, Short-course (DOTS)]",13.1,Number of on-going DOTS patients registered,TOTAL,477,476,1,249,228,NA,NA,NA,NA,NA,NA,NA,NA,NA,NA,476,476,NA,248,228,0,0,NA,0,NA,0,0,NA,0,NA,NA,NA,NA,NA,NA,NA,NA,NA,NA,NA,1,NA,1,1,NA
"M13 [Directly Observed Treatment, Short-course (DOTS)]",13.2,Number of DOTS cases completed successfully,TOTAL,385,385,0,225,160,NA,NA,NA,NA,NA,NA,NA,NA,NA,NA,325,325,NA,165,160,60,60,NA,60,NA,0,0,NA,0,NA,NA,NA,NA,NA,NA,NA,NA,NA,NA,NA,0,NA,0,0,NA
M14 [Patient Services],14.1.1,Outpatient - Diabetes,TOTAL,5968,1186,4782,2745,3223,NA,NA,NA,NA,NA,NA,NA,NA,NA,NA,943,943,NA,890,53,NA,NA,NA,NA,NA,100,100,NA,100,NA,143,143,NA,143,NA,186,NA,186,186,NA,4596,NA,4596,1426,3170
M14 [Patient Services],14.1.2,Outpatient - Hypertension,TOTAL,3583,1035,2548,1545,2038,NA,NA,NA,NA,NA,NA,NA,NA,NA,NA,748,748,NA,694,54,NA,NA,NA,NA,NA,137,137,NA,137,NA,150,150,NA,150,NA,157,NA,157,157,NA,2391,NA,2391,407,1984
M14 [Patient Services],14.1.3,Outpatient - Stroke (Paralysis),TOTAL,216,0,216,10,206,NA,NA,NA,NA,NA,NA,NA,NA,NA,NA,0,0,NA,0,0,NA,NA,NA,NA,NA,0,0,NA,0,NA,NA,NA,NA,NA,NA,0,NA,0,0,NA,216,NA,216,10,206
M14 [Patient Services],14.1.4,Outpatient - Acute Heart Diseases,TOTAL,4767,0,4767,26,4741,NA,NA,NA,NA,NA,NA,NA,NA,NA,NA,0,0,NA,0,0,NA,NA,NA,NA,NA,0,0,NA,0,NA,NA,NA,NA,NA,NA,0,NA,0,0,NA,4767,NA,4767,26,4741
M14 [Patient Services],14.1.5,Outpatient - Mental illness,TOTAL,1909,2,1907,699,1210,NA,NA,NA,NA,NA,NA,NA,NA,NA,NA,0,0,NA,0,0,NA,NA,NA,NA,NA,0,0,NA,0,NA,2,2,NA,2,NA,0,NA,0,0,NA,1907,NA,1907,697,1210
M14 [Patient Services],14.1.6,Outpatient - Epilepsy,TOTAL,323,0,323,5,318,NA,NA,NA,NA,NA,NA,NA,NA,NA,NA,0,0,NA,0,0,NA,NA,NA,NA,NA,0,0,NA,0,NA,NA,NA,NA,NA,NA,0,NA,0,0,NA,323,NA,323,5,318
M14 [Patient Services],14.1.7,Outpatient - Ophthalmic Related,TOTAL,5256,1015,4241,3977,1279,NA,NA,NA,NA,NA,NA,NA,NA,NA,NA,736,736,NA,736,0,NA,NA,NA,NA,NA,0,0,NA,0,NA,279,279,NA,29,250,172,NA,172,172,NA,4069,NA,4069,3040,1029
M14 [Patient Services],14.1.8,Outpatient - Dental,TOTAL,3963,2810,1153,830,3133,NA,NA,NA,NA,NA,NA,NA,NA,NA,NA,2796,2796,NA,288,2508,NA,NA,NA,NA,NA,0,0,NA,0,NA,14,14,NA,14,NA,46,NA,46,46,NA,1107,NA,1107,482,625
M14 [Patient Services],14.1.9,Outpatient - Oncology,TOTAL,5099,0,5099,1141,3958,NA,NA,NA,NA,NA,NA,NA,NA,NA,NA,0,0,NA,NA,0,NA,NA,NA,NA,NA,NA,NA,NA,NA,NA,NA,NA,NA,NA,NA,NA,NA,NA,NA,NA,5099,NA,5099,1141,3958
M14 [Patient Services],14.2.1,Allopathic- Outpatient attendance,TOTAL,524910,421974,102936,219173,305737,177830,177830,NA,NA,177830,39295,39295,NA,39295,NA,159751,159751,NA,106727,53024,18170,18170,NA,18170,NA,3562,3562,NA,3562,NA,23366,23366,NA,14243,9123,5582,NA,5582,5582,NA,97354,NA,97354,31594,65760
M14 [Patient Services],14.2.2,Ayush - Outpatient attendance,TOTAL,11528,11461,67,11528,0,NA,NA,NA,NA,NA,2965,2965,NA,2965,NA,8496,8496,NA,8496,NA,NA,NA,NA,NA,NA,0,0,NA,0,NA,NA,NA,NA,NA,NA,NA,NA,NA,NA,NA,67,NA,67,67,0
M14 [Patient Services],14.3.1.a,Inpatient (Male)- Children<18yrs,TOTAL,4848,2626,2222,215,4633,2275,2275,NA,NA,2275,NA,NA,NA,NA,NA,351,351,NA,NA,351,NA,NA,NA,NA,NA,0,0,NA,0,NA,NA,NA,NA,NA,NA,3,NA,3,3,NA,2219,NA,2219,212,2007
M14 [Patient Services],14.3.1.b,Inpatient (Male)- Adults,TOTAL,6731,5004,1727,850,5881,4924,4924,NA,NA,4924,NA,NA,NA,NA,NA,80,80,NA,NA,80,NA,NA,NA,NA,NA,0,0,NA,0,NA,NA,NA,NA,NA,NA,49,NA,49,49,NA,1678,NA,1678,801,877
M14 [Patient Services],14.3.2.a,Inpatient (Female)- Children<18yrs,TOTAL,2766,1487,1279,142,2624,1159,1159,NA,NA,1159,NA,NA,NA,NA,NA,328,328,NA,NA,328,NA,NA,NA,NA,NA,0,0,NA,0,NA,NA,NA,NA,NA,NA,3,NA,3,3,NA,1276,NA,1276,139,1137
M14 [Patient Services],14.3.2.b,Inpatient (Female)- Adults,TOTAL,7244,4739,2505,1340,5904,4022,4022,NA,NA,4022,NA,NA,NA,NA,NA,717,717,NA,NA,717,NA,NA,NA,NA,NA,0,0,NA,0,NA,NA,NA,NA,NA,NA,138,NA,138,138,NA,2367,NA,2367,1202,1165
M14 [Patient Services],14.3.3,Number of Left Against Medical Advice (LAMA) cases,TOTAL,112,20,92,5,107,NA,NA,NA,NA,NA,NA,NA,NA,NA,NA,20,20,NA,NA,20,NA,NA,NA,NA,NA,0,0,NA,0,NA,NA,NA,NA,NA,NA,1,NA,1,1,NA,91,NA,91,4,87
M14 [Patient Services],14.4.1,Inpatient - Malaria,TOTAL,2,0,2,2,0,0,0,NA,NA,0,NA,NA,NA,NA,NA,0,0,NA,NA,0,NA,NA,NA,NA,NA,0,0,NA,0,NA,NA,NA,NA,NA,NA,0,NA,0,0,NA,2,NA,2,2,0
M14 [Patient Services],14.4.2,Inpatient - Dengue,TOTAL,22,4,18,5,17,4,4,NA,NA,4,NA,NA,NA,NA,NA,0,0,NA,NA,0,NA,NA,NA,NA,NA,0,0,NA,0,NA,NA,NA,NA,NA,NA,0,NA,0,0,NA,18,NA,18,5,13
M14 [Patient Services],14.4.3,Inpatient - Typhoid,TOTAL,66,4,62,46,20,NA,NA,NA,NA,NA,NA,NA,NA,NA,NA,4,4,NA,NA,4,NA,NA,NA,NA,NA,0,0,NA,0,NA,NA,NA,NA,NA,NA,0,NA,0,0,NA,62,NA,62,46,16
M14 [Patient Services],14.4.4,"Inpatient - Asthma, Chronic Obstructive Pulmonary Disease (COPD), Respiratory infections",TOTAL,319,0,319,127,192,NA,NA,NA,NA,NA,NA,NA,NA,NA,NA,0,0,NA,NA,0,NA,NA,NA,NA,NA,0,0,NA,0,NA,NA,NA,NA,NA,NA,8,NA,8,8,NA,311,NA,311,119,192
M14 [Patient Services],14.4.5,Inpatient - Tuberculosis,TOTAL,46,1,45,10,36,NA,NA,NA,NA,NA,NA,NA,NA,NA,NA,1,1,NA,NA,1,NA,NA,NA,NA,NA,0,0,NA,0,NA,NA,NA,NA,NA,NA,5,NA,5,5,NA,40,NA,40,5,35
M14 [Patient Services],14.4.6,Inpatient - Pyrexia of unknown origin (PUO),TOTAL,59,0,59,39,20,NA,NA,NA,NA,NA,NA,NA,NA,NA,NA,0,0,NA,NA,0,NA,NA,NA,NA,NA,0,0,NA,0,NA,NA,NA,NA,NA,NA,1,NA,1,1,NA,58,NA,58,38,20
M14 [Patient Services],14.4.7,Inpatient - Diarrhea with dehydration,TOTAL,153,8,145,68,85,NA,NA,NA,NA,NA,NA,NA,NA,NA,NA,8,8,NA,NA,8,NA,NA,NA,NA,NA,0,0,NA,0,NA,NA,NA,NA,NA,NA,0,NA,0,0,NA,145,NA,145,68,77
M14 [Patient Services],14.4.8,Inpatient - Hepatitis,TOTAL,28,0,28,7,21,NA,NA,NA,NA,NA,NA,NA,NA,NA,NA,0,0,NA,NA,0,NA,NA,NA,NA,NA,0,0,NA,0,NA,NA,NA,NA,NA,NA,0,NA,0,0,NA,28,NA,28,7,21
M14 [Patient Services],14.5,Patients registered at Emergency Department,TOTAL,9903,4378,5525,789,9114,NA,NA,NA,NA,NA,NA,NA,NA,NA,NA,4378,4378,NA,NA,4378,NA,NA,NA,NA,NA,NA,NA,NA,NA,NA,NA,NA,NA,NA,NA,NA,NA,NA,NA,NA,5525,NA,5525,789,4736
M14 [Patient Services],14.6.1,"Emergency - Trauma ( accident, injury, poisoning etc)",TOTAL,949,846,103,24,925,NA,NA,NA,NA,NA,NA,NA,NA,NA,NA,846,846,NA,NA,846,NA,NA,NA,NA,NA,NA,NA,NA,NA,NA,NA,NA,NA,NA,NA,0,NA,0,0,NA,103,NA,103,24,79
M14 [Patient Services],14.6.2,Emergency - Burn,TOTAL,12,NA,12,11,1,NA,NA,NA,NA,NA,NA,NA,NA,NA,NA,NA,NA,NA,NA,NA,NA,NA,NA,NA,NA,NA,NA,NA,NA,NA,NA,NA,NA,NA,NA,0,NA,0,0,NA,12,NA,12,11,1
M14 [Patient Services],14.6.3,Emergency - Obstetrics complications,TOTAL,3,NA,3,1,2,NA,NA,NA,NA,NA,NA,NA,NA,NA,NA,NA,NA,NA,NA,NA,NA,NA,NA,NA,NA,NA,NA,NA,NA,NA,NA,NA,NA,NA,NA,0,NA,0,0,NA,3,NA,3,1,2
M14 [Patient Services],14.6.4,Emergency - Snake Bite,TOTAL,0,0,0,0,0,NA,NA,NA,NA,NA,NA,NA,NA,NA,NA,0,0,NA,NA,0,NA,NA,NA,NA,NA,NA,NA,NA,NA,NA,NA,NA,NA,NA,NA,0,NA,0,0,NA,0,NA,0,0,0
M14 [Patient Services],14.6.5,Emergency - Acute Caridiac Emergencies,TOTAL,156,122,34,7,149,NA,NA,NA,NA,NA,NA,NA,NA,NA,NA,122,122,NA,NA,122,NA,NA,NA,NA,NA,NA,NA,NA,NA,NA,NA,NA,NA,NA,NA,0,NA,0,0,NA,34,NA,34,7,27
M14 [Patient Services],14.6.7,Emergency - CVA ( Cerebovascular Disease),TOTAL,9,NA,9,3,6,NA,NA,NA,NA,NA,NA,NA,NA,NA,NA,NA,NA,NA,NA,NA,NA,NA,NA,NA,NA,NA,NA,NA,NA,NA,NA,NA,NA,NA,NA,0,NA,0,0,NA,9,NA,9,3,6
M14 [Patient Services],14.7,Number of deaths occurring at Emergency Department,TOTAL,19,6,13,1,18,NA,NA,NA,NA,NA,NA,NA,NA,NA,NA,6,6,NA,NA,6,NA,NA,NA,NA,NA,NA,NA,NA,NA,NA,NA,NA,NA,NA,NA,0,NA,0,0,NA,13,NA,13,1,12
M14 [Patient Services],14.8.1,Operation major (General and spinal anaesthesia),TOTAL,4806,2486,2320,489,4317,2291,2291,NA,NA,2291,NA,NA,NA,NA,NA,195,195,NA,NA,195,NA,NA,NA,NA,NA,0,0,NA,0,NA,NA,NA,NA,NA,NA,27,NA,27,27,NA,2293,NA,2293,462,1831
M14 [Patient Services],14.8.2,"Out of Operation major, Gynecology- Hysterectomy surgeries",TOTAL,206,113,93,58,148,NA,NA,NA,NA,NA,NA,NA,NA,NA,NA,113,113,NA,NA,113,NA,NA,NA,NA,NA,0,0,NA,0,NA,NA,NA,NA,NA,NA,9,NA,9,9,NA,84,NA,84,49,35
M14 [Patient Services],14.8.3,"Major Surgeries excluding Obstetrics, Gynaecology and Opthalmology etc.",TOTAL,1707,75,1632,NA,1707,NA,NA,NA,NA,NA,NA,NA,NA,NA,NA,75,75,NA,NA,75,NA,NA,NA,NA,NA,NA,NA,NA,NA,NA,NA,NA,NA,NA,NA,NA,NA,NA,NA,NA,1632,NA,1632,NA,1632
M14 [Patient Services],14.8.4,Operation minor (No or local anaesthesia),TOTAL,9498,8904,594,395,9103,8675,8675,NA,NA,8675,NA,NA,NA,NA,NA,229,229,NA,NA,229,NA,NA,NA,NA,NA,0,0,NA,0,NA,NA,NA,NA,NA,NA,19,NA,19,19,NA,575,NA,575,376,199
M14 [Patient Services],14.8.5,Number of post operative Surgical Site infection,TOTAL,4,1,3,NA,4,NA,NA,NA,NA,NA,NA,NA,NA,NA,NA,1,1,NA,NA,1,NA,NA,NA,NA,NA,NA,NA,NA,NA,NA,NA,NA,NA,NA,NA,NA,NA,NA,NA,NA,3,NA,3,NA,3
M14 [Patient Services],14.8.6,Number of blood units issued,TOTAL,4489,69,4420,92,4397,NA,NA,NA,NA,NA,NA,NA,NA,NA,NA,69,69,NA,NA,69,NA,NA,NA,NA,NA,0,0,NA,0,NA,NA,NA,NA,NA,NA,0,NA,0,0,NA,4420,NA,4420,92,4328
M14 [Patient Services],14.8.7,Number of blood transfusions done,TOTAL,640,68,572,79,561,NA,NA,NA,NA,NA,NA,NA,NA,NA,NA,68,68,NA,NA,68,NA,NA,NA,NA,NA,0,0,NA,0,NA,NA,NA,NA,NA,NA,0,NA,0,0,NA,572,NA,572,79,493
M14 [Patient Services],14.9.1,Inpatient Deaths - Male,TOTAL,318,230,88,1,317,230,230,NA,NA,230,NA,NA,NA,NA,NA,0,0,NA,NA,0,NA,NA,NA,NA,NA,0,0,NA,0,NA,NA,NA,NA,NA,NA,0,NA,0,0,NA,88,NA,88,1,87
M14 [Patient Services],14.9.2,Inpatient Deaths - Female,TOTAL,137,89,48,4,133,89,89,NA,NA,89,NA,NA,NA,NA,NA,0,0,NA,NA,0,NA,NA,NA,NA,NA,0,0,NA,0,NA,NA,NA,NA,NA,NA,0,NA,0,0,NA,48,NA,48,4,44
M14 [Patient Services],14.1,In-Patient Head Count at midnight,TOTAL,67900,45001,22899,1213,66687,41951,41951,NA,NA,41951,NA,NA,NA,NA,NA,3050,3050,NA,NA,3050,NA,NA,NA,NA,NA,0,0,NA,0,NA,NA,NA,NA,NA,NA,NA,NA,NA,NA,NA,22899,NA,22899,1213,21686
M14 [Patient Services],14.11,Number of Admission in NBSU ( New Born Stabilisation Unit),TOTAL,6,0,6,6,0,NA,NA,NA,NA,NA,NA,NA,NA,NA,NA,NA,NA,NA,NA,NA,NA,NA,NA,NA,NA,0,0,NA,0,NA,NA,NA,NA,NA,NA,NA,NA,NA,NA,NA,6,NA,6,6,0
M14 [Patient Services],14.12.1,Special Newborn Care Unit (SNCU Admissions) - Inborn Male,TOTAL,43,39,4,4,39,NA,NA,NA,NA,NA,NA,NA,NA,NA,NA,39,39,NA,NA,39,NA,NA,NA,NA,NA,NA,NA,NA,NA,NA,NA,NA,NA,NA,NA,NA,NA,NA,NA,NA,4,NA,4,4,NA
M14 [Patient Services],14.12.2,Special Newborn Care Unit (SNCU Admissions) - Inborn Female,TOTAL,27,20,7,7,20,NA,NA,NA,NA,NA,NA,NA,NA,NA,NA,20,20,NA,NA,20,NA,NA,NA,NA,NA,NA,NA,NA,NA,NA,NA,NA,NA,NA,NA,NA,NA,NA,NA,NA,7,NA,7,7,NA
M14 [Patient Services],14.12.3,Outborn – Male,TOTAL,10,7,3,3,7,7,7,NA,NA,7,NA,NA,NA,NA,NA,NA,NA,NA,NA,NA,NA,NA,NA,NA,NA,NA,NA,NA,NA,NA,NA,NA,NA,NA,NA,NA,NA,NA,NA,NA,3,NA,3,3,NA
M14 [Patient Services],14.12.4,Outborn - Female,TOTAL,11,9,2,2,9,9,9,NA,NA,9,NA,NA,NA,NA,NA,NA,NA,NA,NA,NA,NA,NA,NA,NA,NA,NA,NA,NA,NA,NA,NA,NA,NA,NA,NA,NA,NA,NA,NA,NA,2,NA,2,2,NA
M14 [Patient Services],14.12.5,Number of newborns admitted in SNCU - referred by ASHA,TOTAL,0,NA,0,0,NA,NA,NA,NA,NA,NA,NA,NA,NA,NA,NA,NA,NA,NA,NA,NA,NA,NA,NA,NA,NA,NA,NA,NA,NA,NA,NA,NA,NA,NA,NA,NA,NA,NA,NA,NA,0,NA,0,0,NA
M14 [Patient Services],14.13,Number of deaths occurring at SNCU,TOTAL,1,0,1,1,0,NA,NA,NA,NA,NA,NA,NA,NA,NA,NA,0,0,NA,NA,0,NA,NA,NA,NA,NA,NA,NA,NA,NA,NA,NA,NA,NA,NA,NA,NA,NA,NA,NA,NA,1,NA,1,1,NA
M14 [Patient Services],14.14.1,Number of children admitted in NRC,TOTAL,0,0,0,0,NA,NA,NA,NA,NA,NA,NA,NA,NA,NA,NA,NA,NA,NA,NA,NA,NA,NA,NA,NA,NA,0,0,NA,0,NA,NA,NA,NA,NA,NA,NA,NA,NA,NA,NA,0,NA,0,0,NA
M14 [Patient Services],14.14.2,Number of children discharged with target weight gain from the NRCs,TOTAL,0,0,0,0,NA,NA,NA,NA,NA,NA,NA,NA,NA,NA,NA,NA,NA,NA,NA,NA,NA,NA,NA,NA,NA,0,0,NA,0,NA,NA,NA,NA,NA,NA,NA,NA,NA,NA,NA,0,NA,0,0,NA
M14 [Patient Services],14.15,Number of Rogi Kalyan Samiti (RKS) meetings held,TOTAL,0,0,0,0,NA,NA,NA,NA,NA,NA,NA,NA,NA,NA,NA,NA,NA,NA,NA,NA,NA,NA,NA,NA,NA,0,0,NA,0,NA,NA,NA,NA,NA,NA,NA,NA,NA,NA,NA,0,NA,0,0,NA
M14 [Patient Services],14.16,Number of Anganwadi centres/ UPHCs reported to have conducted Village Health & Nutrition Day (VHNDs)/ Urban Health & Nutrition Day (UHNDs)/ Outreach / Special Outreach,TOTAL,39,39,NA,39,NA,NA,NA,NA,NA,NA,NA,NA,NA,NA,NA,28,28,NA,28,NA,NA,NA,NA,NA,NA,0,0,NA,0,NA,11,11,NA,11,NA,NA,NA,NA,NA,NA,NA,NA,NA,NA,NA
M14 [Patient Services],14.17,Stock out rate of essential Drugs,TOTAL,NA,NA,NA,NA,NA,NA,NA,NA,NA,NA,NA,NA,NA,NA,NA,NA,NA,NA,NA,NA,NA,NA,NA,NA,NA,NA,NA,NA,NA,NA,NA,NA,NA,NA,NA,NA,NA,NA,NA,NA,NA,NA,NA,NA,NA
M14 [Patient Services],14.18,Blood Units Issued on replacement (Family Donors to be considered as replacement donations),TOTAL,NA,NA,NA,NA,NA,NA,NA,NA,NA,NA,NA,NA,NA,NA,NA,NA,NA,NA,NA,NA,NA,NA,NA,NA,NA,NA,NA,NA,NA,NA,NA,NA,NA,NA,NA,NA,NA,NA,NA,NA,NA,NA,NA,NA,NA
M14 [Patient Services],14.19,Total number of blood units issued in year,TOTAL,69,69,NA,NA,69,NA,NA,NA,NA,NA,NA,NA,NA,NA,NA,69,69,NA,NA,69,NA,NA,NA,NA,NA,NA,NA,NA,NA,NA,NA,NA,NA,NA,NA,NA,NA,NA,NA,NA,NA,NA,NA,NA,NA
M14 [Patient Services],14.2,Patient Satisfaction Score of the facility in percentage (from Mera Aspatal),TOTAL,68,68,NA,NA,68,NA,NA,NA,NA,NA,NA,NA,NA,NA,NA,68,68,NA,NA,68,NA,NA,NA,NA,NA,NA,NA,NA,NA,NA,NA,NA,NA,NA,NA,NA,NA,NA,NA,NA,NA,NA,NA,NA,NA
M15 [Laboratory Testing],15.1,Number of Lab Tests done,TOTAL,460398,80247,380151,139907,320491,315,315,NA,NA,315,44,44,NA,44,NA,77335,77335,NA,4357,72978,NA,NA,NA,NA,NA,327,327,NA,327,NA,2226,2226,NA,263,1963,1553,NA,1553,1553,NA,378598,NA,378598,133363,245235
M15 [Laboratory Testing],15.2.1,Number of Hb tests conducted,TOTAL,28518,8108,20410,6811,21707,83,83,NA,NA,83,44,44,NA,44,NA,7567,7567,NA,2840,4727,NA,NA,NA,NA,NA,93,93,NA,93,NA,321,321,NA,0,321,579,NA,579,579,NA,19831,NA,19831,3255,16576
M15 [Laboratory Testing],15.2.2,"Out of the total number of Hb tests done, Number having Hb < 7 mg",TOTAL,307,196,111,82,225,4,4,NA,NA,4,0,0,NA,0,NA,192,192,NA,31,161,NA,NA,NA,NA,NA,0,0,NA,0,NA,0,0,NA,0,0,6,NA,6,6,NA,105,NA,105,45,60
M15 [Laboratory Testing],15.3.1.a,Male HIV - Number Tested,TOTAL,1936,838,1098,451,1485,134,134,NA,NA,134,NA,NA,NA,NA,NA,704,704,NA,221,483,NA,NA,NA,NA,NA,0,0,NA,0,NA,NA,NA,NA,NA,NA,32,NA,32,32,NA,1066,NA,1066,198,868
M15 [Laboratory Testing],15.3.1.b,Male HIV - Number Positive,TOTAL,10,4,6,4,6,1,1,NA,NA,1,NA,NA,NA,NA,NA,3,3,NA,3,0,NA,NA,NA,NA,NA,0,0,NA,0,NA,NA,NA,NA,NA,NA,0,NA,0,0,NA,6,NA,6,1,5
M15 [Laboratory Testing],15.3.2.a,Female Non ANC HIV - Number Tested,TOTAL,1317,636,681,383,934,200,200,NA,NA,200,NA,NA,NA,NA,NA,436,436,NA,155,281,NA,NA,NA,NA,NA,0,0,NA,0,NA,NA,NA,NA,NA,NA,65,NA,65,65,NA,616,NA,616,163,453
M15 [Laboratory Testing],15.3.2.b,Female Non ANC HIV - Number Positive,TOTAL,0,0,0,0,0,0,0,NA,NA,0,NA,NA,NA,NA,NA,0,0,NA,0,0,NA,NA,NA,NA,NA,0,0,NA,0,NA,NA,NA,NA,NA,NA,0,NA,0,0,NA,0,NA,0,0,0
M15 [Laboratory Testing],15.3.3.a,Number of pregnant women screened for HIV,TOTAL,1371,1153,218,345,1026,102,102,NA,NA,102,NA,NA,NA,NA,NA,906,906,NA,104,802,NA,NA,NA,NA,NA,3,3,NA,3,NA,142,142,NA,48,94,36,NA,36,36,NA,182,NA,182,154,28
M15 [Laboratory Testing],15.3.3.b,"Out of the above, number screened positive",TOTAL,3,3,0,1,2,1,1,NA,NA,1,NA,NA,NA,NA,NA,2,2,NA,1,1,NA,NA,NA,NA,NA,0,0,NA,0,NA,0,0,NA,0,0,0,NA,0,0,NA,0,NA,0,0,0
M15 [Laboratory Testing],15.3.3.c,"Out of the above number screened positive, number confirmed with HIV infection at Integrated Counselling and Testing Centre (ICTC)",TOTAL,1,1,0,0,1,1,1,NA,NA,1,NA,NA,NA,NA,NA,0,0,NA,0,NA,NA,NA,NA,NA,NA,0,0,NA,0,NA,NA,NA,NA,NA,NA,NA,NA,NA,NA,NA,0,NA,0,0,NA
M15 [Laboratory Testing],15.3.4.a,Number of Male STI/RTI attendees tested for syphilis,TOTAL,68,8,60,54,14,NA,NA,NA,NA,NA,NA,NA,NA,NA,NA,8,8,NA,0,8,NA,NA,NA,NA,NA,0,0,NA,0,NA,NA,NA,NA,NA,NA,2,NA,2,2,NA,58,NA,58,52,6
M15 [Laboratory Testing],15.3.4.b,Number of Male STI/RTI attendees found sero Positive for syphilis,TOTAL,4,0,4,4,0,NA,NA,NA,NA,NA,NA,NA,NA,NA,NA,0,0,NA,0,0,NA,NA,NA,NA,NA,0,0,NA,0,NA,NA,NA,NA,NA,NA,0,NA,0,0,NA,4,NA,4,4,0
M15 [Laboratory Testing],15.3.4.c,Number of Female (Non ANC)STI/RTI attendees tested for syphilis,TOTAL,52,14,38,30,22,NA,NA,NA,NA,NA,NA,NA,NA,NA,NA,14,14,NA,0,14,NA,NA,NA,NA,NA,0,0,NA,0,NA,NA,NA,NA,NA,NA,10,NA,10,10,NA,28,NA,28,20,8
M15 [Laboratory Testing],15.3.4.d,Number of Female (Non ANC) STI/RTI attendees found sero Positive for syphilis,TOTAL,0,0,0,0,0,NA,NA,NA,NA,NA,NA,NA,NA,NA,NA,0,0,NA,0,0,NA,NA,NA,NA,NA,0,0,NA,0,NA,NA,NA,NA,NA,NA,0,NA,0,0,NA,0,NA,0,0,0
M15 [Laboratory Testing],15.4.1,Widal tests - Number Tested,TOTAL,599,278,321,277,322,NA,NA,NA,NA,NA,NA,NA,NA,NA,NA,278,278,NA,30,248,NA,NA,NA,NA,NA,0,0,NA,0,NA,NA,NA,NA,NA,NA,0,NA,0,0,NA,321,NA,321,247,74
M15 [Laboratory Testing],15.4.2,Widal tests - Number Positive,TOTAL,109,37,72,73,36,NA,NA,NA,NA,NA,NA,NA,NA,NA,NA,37,37,NA,1,36,NA,NA,NA,NA,NA,0,0,NA,0,NA,NA,NA,NA,NA,NA,0,NA,0,0,NA,72,NA,72,72,0
M15 [Laboratory Testing],15.5.1,Radiology - X-ray,TOTAL,22138,3789,18349,4290,17848,NA,NA,NA,NA,NA,NA,NA,NA,NA,NA,3789,3789,NA,NA,3789,NA,NA,NA,NA,NA,NA,NA,NA,NA,NA,NA,NA,NA,NA,NA,452,NA,452,452,NA,17897,NA,17897,3838,14059
M15 [Laboratory Testing],15.5.2,Radiology - Ultrasonography (USG),TOTAL,8567,597,7970,1156,7411,NA,NA,NA,NA,NA,NA,NA,NA,NA,NA,597,597,NA,NA,597,NA,NA,NA,NA,NA,NA,NA,NA,NA,NA,NA,NA,NA,NA,NA,NA,NA,NA,NA,NA,7970,NA,7970,1156,6814
M16 [Details of deaths reported with probable causes:],16.1,Infant deaths within 24 hrs(1 to 23 Hrs) of birth,TOTAL,0,0,0,0,0,NA,NA,NA,NA,NA,NA,NA,NA,NA,NA,0,0,NA,NA,0,NA,NA,NA,NA,NA,0,0,NA,0,NA,NA,NA,NA,NA,NA,0,NA,0,0,NA,0,NA,0,0,NA
M16 [Details of deaths reported with probable causes:],16.2.1,Infant Deaths up to 4 weeks due to Sepsis,TOTAL,0,0,0,0,NA,NA,NA,NA,NA,NA,NA,NA,NA,NA,NA,NA,NA,NA,NA,NA,NA,NA,NA,NA,NA,0,0,NA,0,NA,NA,NA,NA,NA,NA,0,NA,0,0,NA,0,NA,0,0,NA
M16 [Details of deaths reported with probable causes:],16.2.2,Infant Deaths up to 4 weeks due to Asphyxia,TOTAL,0,0,0,0,NA,NA,NA,NA,NA,NA,NA,NA,NA,NA,NA,NA,NA,NA,NA,NA,NA,NA,NA,NA,NA,0,0,NA,0,NA,NA,NA,NA,NA,NA,0,NA,0,0,NA,0,NA,0,0,NA
M16 [Details of deaths reported with probable causes:],16.2.3,Infant Deaths up to 4 weeks due to Other causes,TOTAL,1,1,0,0,1,NA,NA,NA,NA,NA,NA,NA,NA,NA,NA,1,1,NA,NA,1,NA,NA,NA,NA,NA,0,0,NA,0,NA,NA,NA,NA,NA,NA,0,NA,0,0,NA,0,NA,0,0,NA
M16 [Details of deaths reported with probable causes:],16.3.1,Number of Infant Deaths (1 -12 months) due to Pneumonia,TOTAL,0,0,0,0,NA,NA,NA,NA,NA,NA,NA,NA,NA,NA,NA,NA,NA,NA,NA,NA,NA,NA,NA,NA,NA,0,0,NA,0,NA,NA,NA,NA,NA,NA,0,NA,0,0,NA,0,NA,0,0,NA
M16 [Details of deaths reported with probable causes:],16.3.2,Number of Infant Deaths (1 -12 months) due to Diarrhoea,TOTAL,0,0,0,0,NA,NA,NA,NA,NA,NA,NA,NA,NA,NA,NA,NA,NA,NA,NA,NA,NA,NA,NA,NA,NA,0,0,NA,0,NA,NA,NA,NA,NA,NA,0,NA,0,0,NA,0,NA,0,0,NA
M16 [Details of deaths reported with probable causes:],16.3.3,Number of Infant Deaths (1 -12 months) due to Fever related,TOTAL,0,0,0,0,NA,NA,NA,NA,NA,NA,NA,NA,NA,NA,NA,NA,NA,NA,NA,NA,NA,NA,NA,NA,NA,0,0,NA,0,NA,NA,NA,NA,NA,NA,0,NA,0,0,NA,0,NA,0,0,NA
M16 [Details of deaths reported with probable causes:],16.3.4,Number of Infant Deaths (1 -12 months) due to Measles,TOTAL,0,0,0,0,NA,NA,NA,NA,NA,NA,NA,NA,NA,NA,NA,NA,NA,NA,NA,NA,NA,NA,NA,NA,NA,0,0,NA,0,NA,NA,NA,NA,NA,NA,0,NA,0,0,NA,0,NA,0,0,NA
M16 [Details of deaths reported with probable causes:],16.3.5,Number of Infant Deaths (1 -12 months) due to Others,TOTAL,2,1,1,1,1,NA,NA,NA,NA,NA,NA,NA,NA,NA,NA,1,1,NA,NA,1,NA,NA,NA,NA,NA,0,0,NA,0,NA,NA,NA,NA,NA,NA,0,NA,0,0,NA,1,NA,1,1,NA
M16 [Details of deaths reported with probable causes:],16.4.1,Number of Child Deaths (1 -5 years) due to Pneumonia,TOTAL,0,0,0,0,NA,NA,NA,NA,NA,NA,NA,NA,NA,NA,NA,NA,NA,NA,NA,NA,NA,NA,NA,NA,NA,0,0,NA,0,NA,NA,NA,NA,NA,NA,0,NA,0,0,NA,0,NA,0,0,NA
M16 [Details of deaths reported with probable causes:],16.4.2,Number of Child Deaths (1 -5 years) due to Diarrhoea,TOTAL,0,0,0,0,NA,NA,NA,NA,NA,NA,NA,NA,NA,NA,NA,NA,NA,NA,NA,NA,NA,NA,NA,NA,NA,0,0,NA,0,NA,NA,NA,NA,NA,NA,0,NA,0,0,NA,0,NA,0,0,NA
M16 [Details of deaths reported with probable causes:],16.4.3,Number of Child Deaths (1 -5 years) due to Fever related,TOTAL,0,0,0,0,NA,NA,NA,NA,NA,NA,NA,NA,NA,NA,NA,NA,NA,NA,NA,NA,NA,NA,NA,NA,NA,0,0,NA,0,NA,NA,NA,NA,NA,NA,0,NA,0,0,NA,0,NA,0,0,NA
M16 [Details of deaths reported with probable causes:],16.4.4,Number of Child Deaths (1 -5 years) due to Measles,TOTAL,0,0,0,0,NA,NA,NA,NA,NA,NA,NA,NA,NA,NA,NA,NA,NA,NA,NA,NA,NA,NA,NA,NA,NA,0,0,NA,0,NA,NA,NA,NA,NA,NA,0,NA,0,0,NA,0,NA,0,0,NA
M16 [Details of deaths reported with probable causes:],16.4.5,Number of Child Deaths (1 -5 years) due to Others,TOTAL,2,1,1,0,2,NA,NA,NA,NA,NA,NA,NA,NA,NA,NA,1,1,NA,NA,1,NA,NA,NA,NA,NA,0,0,NA,0,NA,NA,NA,NA,NA,NA,0,NA,0,0,NA,1,NA,1,0,1
M16 [Details of deaths reported with probable causes:],16.5.1,Number of Maternal Deaths due to Bleeding,TOTAL,0,0,0,0,NA,NA,NA,NA,NA,NA,NA,NA,NA,NA,NA,NA,NA,NA,NA,NA,NA,NA,NA,NA,NA,0,0,NA,0,NA,NA,NA,NA,NA,NA,0,NA,0,0,NA,0,NA,0,0,NA
M16 [Details of deaths reported with probable causes:],16.5.2,Number of Maternal Deaths due to High fever,TOTAL,0,0,0,0,NA,NA,NA,NA,NA,NA,NA,NA,NA,NA,NA,NA,NA,NA,NA,NA,NA,NA,NA,NA,NA,0,0,NA,0,NA,NA,NA,NA,NA,NA,0,NA,0,0,NA,0,NA,0,0,NA
M16 [Details of deaths reported with probable causes:],16.5.3,Number of Maternal Deaths due to Abortion,TOTAL,0,0,0,0,NA,NA,NA,NA,NA,NA,NA,NA,NA,NA,NA,NA,NA,NA,NA,NA,NA,NA,NA,NA,NA,0,0,NA,0,NA,NA,NA,NA,NA,NA,0,NA,0,0,NA,0,NA,0,0,NA
M16 [Details of deaths reported with probable causes:],16.5.4,Number of Maternal Deaths due to Obstructed/prolonged labour,TOTAL,0,0,0,0,NA,NA,NA,NA,NA,NA,NA,NA,NA,NA,NA,NA,NA,NA,NA,NA,NA,NA,NA,NA,NA,0,0,NA,0,NA,NA,NA,NA,NA,NA,0,NA,0,0,NA,0,NA,0,0,NA
M16 [Details of deaths reported with probable causes:],16.5.5,Number of Maternal Deaths due to Severe hypertesnion/fits,TOTAL,0,0,0,0,NA,NA,NA,NA,NA,NA,NA,NA,NA,NA,NA,NA,NA,NA,NA,NA,NA,NA,NA,NA,NA,0,0,NA,0,NA,NA,NA,NA,NA,NA,0,NA,0,0,NA,0,NA,0,0,NA
M16 [Details of deaths reported with probable causes:],16.5.6,Number of Maternal Deaths due to Other Causes (including causes not known),TOTAL,2,2,0,0,2,2,2,NA,NA,2,NA,NA,NA,NA,NA,NA,NA,NA,NA,NA,NA,NA,NA,NA,NA,0,0,NA,0,NA,NA,NA,NA,NA,NA,0,NA,0,0,NA,0,NA,0,0,NA
M16 [Details of deaths reported with probable causes:],16.6,Total Facility Based Maternal Death Reviews (FBMDR) done,TOTAL,2,2,0,0,2,2,2,NA,NA,2,NA,NA,NA,NA,NA,NA,NA,NA,NA,NA,NA,NA,NA,NA,NA,NA,NA,NA,NA,NA,NA,NA,NA,NA,NA,NA,NA,NA,NA,NA,0,NA,0,0,NA
M16 [Details of deaths reported with probable causes:],16.7.1,Number of Adolscent / Adult deaths due to Diarrhoeal diseases,TOTAL,0,0,0,0,0,NA,NA,NA,NA,NA,NA,NA,NA,NA,NA,NA,NA,NA,NA,NA,NA,NA,NA,NA,NA,0,0,NA,0,NA,NA,NA,NA,NA,NA,0,NA,0,0,NA,0,NA,0,0,0
M16 [Details of deaths reported with probable causes:],16.7.2,Number of Adolscent / Adult deaths due to Tuberculosis,TOTAL,1,0,1,0,1,NA,NA,NA,NA,NA,NA,NA,NA,NA,NA,NA,NA,NA,NA,NA,NA,NA,NA,NA,NA,0,0,NA,0,NA,NA,NA,NA,NA,NA,0,NA,0,0,NA,1,NA,1,0,1
M16 [Details of deaths reported with probable causes:],16.7.3,Number of Adolscent / Adult deaths due to Respiratory diseases including infections (other than TB),TOTAL,9,0,9,0,9,NA,NA,NA,NA,NA,NA,NA,NA,NA,NA,NA,NA,NA,NA,NA,NA,NA,NA,NA,NA,0,0,NA,0,NA,NA,NA,NA,NA,NA,0,NA,0,0,NA,9,NA,9,0,9
M16 [Details of deaths reported with probable causes:],16.7.4,Number of Adolscent / Adult deaths due to Other Fever Related,TOTAL,0,0,0,0,0,NA,NA,NA,NA,NA,NA,NA,NA,NA,NA,NA,NA,NA,NA,NA,NA,NA,NA,NA,NA,0,0,NA,0,NA,NA,NA,NA,NA,NA,0,NA,0,0,NA,0,NA,0,0,0
M16 [Details of deaths reported with probable causes:],16.7.5,Number of Adolscent / Adult deaths due to HIV/AIDS,TOTAL,0,0,0,0,0,NA,NA,NA,NA,NA,NA,NA,NA,NA,NA,NA,NA,NA,NA,NA,NA,NA,NA,NA,NA,0,0,NA,0,NA,NA,NA,NA,NA,NA,0,NA,0,0,NA,0,NA,0,0,0
M16 [Details of deaths reported with probable causes:],16.7.6,Number of Adolscent / Adult deaths due to Heart disease/Hypertension related,TOTAL,25,1,24,1,24,NA,NA,NA,NA,NA,NA,NA,NA,NA,NA,NA,NA,NA,NA,NA,NA,NA,NA,NA,NA,0,0,NA,0,NA,1,1,NA,1,NA,0,NA,0,0,NA,24,NA,24,0,24
M16 [Details of deaths reported with probable causes:],16.7.7,Number of Adolscent / Adult deaths due to Cancer,TOTAL,17,2,15,3,14,NA,NA,NA,NA,NA,NA,NA,NA,NA,NA,NA,NA,NA,NA,NA,NA,NA,NA,NA,NA,0,0,NA,0,NA,2,2,NA,2,NA,0,NA,0,0,NA,15,NA,15,1,14
M16 [Details of deaths reported with probable causes:],16.7.8,Number of Adolscent / Adult deaths due to Neurological disease including strokes,TOTAL,9,0,9,0,9,NA,NA,NA,NA,NA,NA,NA,NA,NA,NA,NA,NA,NA,NA,NA,NA,NA,NA,NA,NA,0,0,NA,0,NA,NA,NA,NA,NA,NA,0,NA,0,0,NA,9,NA,9,0,9
M16 [Details of deaths reported with probable causes:],16.7.9,Number of Adolscent / Adult deaths due to Accidents/Burn cases,TOTAL,0,0,0,0,0,NA,NA,NA,NA,NA,NA,NA,NA,NA,NA,NA,NA,NA,NA,NA,NA,NA,NA,NA,NA,0,0,NA,0,NA,NA,NA,NA,NA,NA,0,NA,0,0,NA,0,NA,0,0,0
M16 [Details of deaths reported with probable causes:],16.7.10,Number of Adolscent / Adult deaths due to Suicide,TOTAL,1,1,0,1,0,NA,NA,NA,NA,NA,NA,NA,NA,NA,NA,NA,NA,NA,NA,NA,NA,NA,NA,NA,NA,0,0,NA,0,NA,1,1,NA,1,NA,0,NA,0,0,NA,0,NA,0,0,0
M16 [Details of deaths reported with probable causes:],16.7.11,Number of Adolscent / Adult deaths due to Animal bites and stings,TOTAL,0,0,0,0,0,NA,NA,NA,NA,NA,NA,NA,NA,NA,NA,NA,NA,NA,NA,NA,NA,NA,NA,NA,NA,0,0,NA,0,NA,NA,NA,NA,NA,NA,0,NA,0,0,NA,0,NA,0,0,0
M16 [Details of deaths reported with probable causes:],16.7.12,Number of Adolscent / Adult deaths due to Known Acute Disease,TOTAL,4,0,4,0,4,NA,NA,NA,NA,NA,NA,NA,NA,NA,NA,NA,NA,NA,NA,NA,NA,NA,NA,NA,NA,0,0,NA,0,NA,NA,NA,NA,NA,NA,0,NA,0,0,NA,4,NA,4,0,4
M16 [Details of deaths reported with probable causes:],16.7.13,Number of Adolscent / Adult deaths due to Known Chronic Disease,TOTAL,24,0,24,0,24,NA,NA,NA,NA,NA,NA,NA,NA,NA,NA,NA,NA,NA,NA,NA,NA,NA,NA,NA,NA,0,0,NA,0,NA,NA,NA,NA,NA,NA,0,NA,0,0,NA,24,NA,24,0,24
M16 [Details of deaths reported with probable causes:],16.7.14,Number of Adolscent / Adult deaths due to Causes not known,TOTAL,4,4,0,4,0,NA,NA,NA,NA,NA,NA,NA,NA,NA,NA,NA,NA,NA,NA,NA,NA,NA,NA,NA,NA,0,0,NA,0,NA,4,4,NA,4,NA,0,NA,0,0,NA,0,NA,0,0,0
M16 [Details of deaths reported with probable causes:],16.8.1,Number of Deaths due to Malaria- Plasmodium Vivax,TOTAL,0,0,0,0,0,NA,NA,NA,NA,NA,NA,NA,NA,NA,NA,NA,NA,NA,NA,NA,NA,NA,NA,NA,NA,0,0,NA,0,NA,NA,NA,NA,NA,NA,0,NA,0,0,NA,0,NA,0,0,0
M16 [Details of deaths reported with probable causes:],16.8.2,Number of Deaths due to Malaria- Plasmodium Falciparum,TOTAL,0,0,0,0,0,NA,NA,NA,NA,NA,NA,NA,NA,NA,NA,NA,NA,NA,NA,NA,NA,NA,NA,NA,NA,0,0,NA,0,NA,NA,NA,NA,NA,NA,0,NA,0,0,NA,0,NA,0,0,0
M16 [Details of deaths reported with probable causes:],16.8.3,Number of Deaths due to Kala Azar,TOTAL,0,0,0,0,0,NA,NA,NA,NA,NA,NA,NA,NA,NA,NA,NA,NA,NA,NA,NA,NA,NA,NA,NA,NA,0,0,NA,0,NA,NA,NA,NA,NA,NA,0,NA,0,0,NA,0,NA,0,0,0
M16 [Details of deaths reported with probable causes:],16.8.4,Number of Deaths due to Dengue,TOTAL,0,0,0,0,0,NA,NA,NA,NA,NA,NA,NA,NA,NA,NA,NA,NA,NA,NA,NA,NA,NA,NA,NA,NA,0,0,NA,0,NA,NA,NA,NA,NA,NA,0,NA,0,0,NA,0,NA,0,0,0
M16 [Details of deaths reported with probable causes:],16.8.5,Number of Deaths due to Acute Encephelitis Syndrome (AES),TOTAL,0,0,0,0,0,NA,NA,NA,NA,NA,NA,NA,NA,NA,NA,NA,NA,NA,NA,NA,NA,NA,NA,NA,NA,0,0,NA,0,NA,NA,NA,NA,NA,NA,0,NA,0,0,NA,0,NA,0,0,0
M16 [Details of deaths reported with probable causes:],16.8.6,Number of Deaths due to Japanese Encephalitis (JE),TOTAL,0,0,0,0,0,NA,NA,NA,NA,NA,NA,NA,NA,NA,NA,NA,NA,NA,NA,NA,NA,NA,NA,NA,NA,0,0,NA,0,NA,NA,NA,NA,NA,NA,0,NA,0,0,NA,0,NA,0,0,0
